Name,Address,Date,DestinationCity
Ruben Austin,"2438 Anthony Well Lake Annettestad, IL 31721",2005-02-06,Lake Tinaland
Kevin Harmon,"9534 Dunn Crossing Apt. 246
Shawnshire, ME 29311",2005-08-23,Phamview
Eric Thomas,"00554 Hawkins Squares Apt. 188
Kramermouth, TX 24370",2020-05-09,West Michaelhaven
Raymond Rodriguez,"035 Hampton View Suite 313
Lake Holly, MH 73107",2018-07-06,West Williamfort
Carl Salas,"87679 Thompson Point Apt. 902
Mitchellborough, LA 67883",1988-06-01,Karafort
Amy Wright DVM,"Unit 4500 Box 7498
DPO AE 31809",1972-04-10,Nathanielfort
Cindy Duffy,"9623 Watts Keys Suite 389
Lisabury, NE 50922",1995-11-06,South Latasha
David Williams,"USS Hogan
FPO AA 53764",1974-01-10,East Teresa
Mr. Jacob Burton,"068 Wendy Rest Apt. 150
Murphychester, NM 04934",2012-09-16,West Stephanie
Laura Franco,"528 Kristin Rapid
East Yolanda, OH 54168",2021-11-27,Erinberg
Brandon Smith DDS,"195 Kayla Glens
East Kimberly, PA 27684",1983-03-28,Lake John
Laura Roberts,"294 Gomez Fort
New Victor, MD 48409",1985-12-26,Port Sara
Joy Garza,"277 Ashley Pines Suite 377
Kimberlybury, VA 68166",2000-09-04,Stephanieborough
Andrew Lopez MD,"USNS Walker
FPO AA 23914",1978-04-19,Howardmouth
Jennifer Sparks,"0357 Becky Freeway Apt. 825
Villamouth, MP 65559",1990-06-18,New Sarahfort
Mr. Evan Mcbride Jr.,"85056 Taylor Ranch Suite 784
Bryanmouth, WI 41054",2015-06-29,West Andrewview
Stephanie Kelley,"53414 Steven Fort
Peterport, CT 55263",1997-02-12,Amandaland
Christopher Pena,"912 Ronald Light Apt. 949
East Jamesside, VT 34294",1975-03-05,Kevinview
Alicia Armstrong,"841 Jesus Valley
Melissamouth, CO 71982",1984-01-25,Scottchester
Lauren Weaver,"361 Edward Trail Apt. 007
East Sandrahaven, ND 43072",1971-05-26,South John
Cynthia Gonzalez,"275 Alexander Mount Suite 119
East Denisestad, FL 80100",1979-02-10,Turnerchester
Jorge Bartlett,"7220 Armstrong Prairie
Port Nicolefort, WV 80810",2006-08-20,Benjaminport
Ashley Price,"590 Carolyn Station Apt. 877
Ryanside, IL 65046",1974-06-28,South Kim
Michael Hawkins,"6162 Morrison Mews Suite 197
Lake Douglasmouth, KS 71696",1988-07-30,Lake Austinchester
John Mckee,"304 Scott Port
Christiantown, ME 50599",1979-08-07,Marshallview
Katherine Jackson,"92911 Lisa Viaduct Apt. 778
West Danielle, ND 84746",2009-08-20,Lake Deborah
Jon Green,"USNV Ortega
FPO AE 00539",2009-09-16,East Ryanberg
Tina Lang,"1322 Sarah Freeway
Lake Heatherberg, WA 18317",1979-06-08,Jamesshire
Carlos George,"227 Gregory Terrace Apt. 763
Jillmouth, PA 94394",2012-02-02,Lisaport
Connor Cain,"897 Rodriguez Well Apt. 575
Edwardshaven, MN 76962",1976-06-26,Allenburgh
Zachary Ellis,"7045 Cook Manors
Port Anthony, NE 36496",1984-04-04,Paulville
Donna Olsen,"45460 Robert Ramp
Roblesfurt, MH 03828",1987-03-23,Randallmouth
Jason Johnson,"57944 Michelle Path
North Jennifer, CA 65963",2015-04-15,Williamfurt
Tony Ramirez PhD,"22484 Sandra Springs Apt. 418
Christinabury, OK 57992",2010-12-12,Port Adrian
Julie Roberts DDS,"957 Willis Row
Lake Deborahburgh, MD 36154",2003-12-30,Lake Jeffreyburgh
Courtney Martin,"5195 Guerrero Circle
Robertport, MO 86037",2000-11-19,Martinezberg
Dawn Stevens,"8806 Roberts Light
West Christopherport, ME 49508",1995-07-29,South Karen
Joshua King,"267 Barrett Meadow
Choitown, DE 26561",1972-08-11,Port Mike
Lisa Foley,"37369 Samantha Park Apt. 605
South Amandamouth, HI 77022",2002-05-03,Brooksfort
Allen Russell,"40663 Donald Prairie Apt. 446
Lindseyborough, IN 36249",1972-09-20,Andersonberg
Gary Edwards,"249 Gilmore Shores Suite 103
Josetown, CA 07253",1998-07-24,Port Paul
Bruce Smith,"USS Johnson
FPO AA 18242",1991-01-05,Port Thomas
Aaron Ellison,"89054 Tina Oval Apt. 427
Port Hunter, MS 55324",1980-02-17,Rileyland
Kristina Diaz,"PSC 2528, Box 2906
APO AP 70763",2004-04-24,Port Shaun
Jennifer Williams,"72962 Schultz Green Apt. 525
North Richardtown, MI 98667",2015-11-01,Tranview
Jennifer Martinez,"641 Guzman Stravenue
New Philip, MA 68076",1978-02-27,Bradshawville
Kevin Jarvis,"2535 Watts Lane
East Jonathan, GU 83800",1997-09-24,North Diane
James Henson,"383 Perry Place
West Rickychester, WY 51844",1990-05-20,South Stacyland
Anita Robinson,"68618 Charles Circle Apt. 725
Lauraberg, KY 22423",2020-02-29,Weberstad
Tiffany Bennett,"850 Thomas Tunnel
South Andresborough, CO 36833",2009-12-11,Port Pamela
Ernest Peterson,"0783 Phillips Turnpike
Mooreside, LA 91954",1982-05-02,North Scott
Michael Harvey,"USNS Cooper
FPO AE 68911",1974-09-30,Port Vanessa
Shawn Hooper,"52310 Cox Estates
South Donaldville, WY 94411",1987-01-28,Tylerhaven
Brian Santana,"313 Dawson Summit Suite 635
West Kevinfort, MI 31447",2006-05-28,Port Matthewbury
Roger Wilson,"15773 Johnson Estate
East Kenneth, OR 13835",1981-12-31,Paulville
Vicki Douglas,"4966 Michael Run Apt. 493
New Jose, OH 59753",2018-08-10,East Sarah
Joel Mayer,"49788 Calvin Ford Suite 857
New James, ME 69986",1992-10-14,New Christinaside
Mitchell Levy,"0135 Karen Overpass Apt. 199
Ericmouth, HI 69648",1984-08-14,Christopherside
Sonya Miller,"PSC 3117, Box 3548
APO AP 27661",1971-11-17,Port Crystalmouth
Dr. Robert Martin,"5987 Michael Isle
Jessicamouth, WY 22335",2003-03-04,Andreaside
Thomas Murray,"166 Stephens Wells
Davidmouth, OK 56615",2020-04-11,Reynoldsshire
Tina Griffith,"2035 William Haven
Kathleenbury, MT 06699",1998-01-18,North Robertchester
Erika Brown,"38058 Henderson Meadow Suite 903
Gutierrezfort, TX 65484",1970-06-24,East Jeremy
Paul Mccullough,"82474 Thompson Heights Apt. 823
East Christopher, TX 26633",1980-09-22,New Jofurt
Christina Jacobs,"990 Adam Ferry
East Hunter, ID 65111",2018-05-22,Ashleyfort
Charles Rivers,"6373 Tammy Stream Apt. 158
Smithbury, TX 85083",2019-04-10,North Tiffanyland
Jamie Garcia,"495 Horne Crescent
Markview, NE 71569",2016-02-29,Torresborough
Megan Bullock,"USNS Gonzales
FPO AA 36186",1972-12-20,Batesmouth
Adam Hansen,"39410 Scott Ranch
Hartmouth, OH 62624",2006-08-12,Michealville
Jill Webb,"523 Ruben Rue
South Shanemouth, DE 62456",2007-11-22,Sarahfort
Karen Foster DDS,"709 Oneill Orchard Apt. 892
South Carolineland, PA 17747",2020-06-12,Loweryfort
Jason Lewis,"165 Andrew Forest
New Angela, WI 56776",2014-10-22,New Charles
Donna Johnson,"04413 Clark Path Apt. 570
Laurenshire, DE 11102",1981-08-06,New Aaron
Daisy Davis,"4262 Taylor Wells
Lake Patriciabury, MH 61692",1979-03-08,East Lori
Mark Lewis,"104 Romero Locks Suite 380
South Benjaminfort, MN 51582",2000-06-18,Port Juliaburgh
Evelyn Key,"79697 Stewart Course Apt. 684
South Douglas, ME 84871",2000-06-12,Richardfurt
Alexis Barnes,"832 Brown Highway
Port Carolynfurt, NY 90772",1982-10-01,Monroestad
Mr. Ralph Sherman,"2510 Todd Ranch
Lake Ericamouth, IN 68920",1995-05-06,New Ashley
Nicholas Arroyo,"946 Reeves Coves
Richardsland, ND 72964",2007-06-21,Robertsport
Deborah Taylor,"2117 Jason Wall Apt. 148
North Hayleymouth, NH 71772",1997-12-24,Erinshire
Christian Nelson,"5087 Mitchell Gardens Apt. 784
Wrightstad, DC 63559",2004-10-25,Lewisfort
Lisa Thompson,"9781 Gregory Meadows
Port Mary, VA 48003",2006-08-23,Carlosborough
Brian Burgess,"5104 David Pike
North Joanna, WY 95264",1986-08-19,West Michael
Katherine Rogers,"029 Crystal Pike
Bradymouth, WI 23990",1971-12-07,South Daniel
William Oneill,"98313 Sara Ridges Suite 704
Wilsonville, NM 80177",1971-09-08,Bowersfurt
Carolyn Clark,"PSC 7100, Box 0751
APO AP 22515",2008-11-02,Brianmouth
Rodney Jackson,"11857 Anthony Extensions Suite 401
Loriland, MO 68073",2020-11-11,Michaelfurt
Steven Benitez,"74163 Coleman Views
North Jason, ND 66496",2020-02-25,Wilsonborough
Elizabeth Johnson,"Unit 9281 Box 1797
DPO AP 61137",2021-12-26,Jeffersonmouth
Joan Hill,"3896 Amber Locks
North Frank, FL 04833",2002-05-18,Lake Kellyshire
Joseph Hodges,"147 Jason Creek Suite 719
North Natalie, GU 88773",2003-01-16,New Jacquelinestad
John Torres,"5220 Micheal Drive Apt. 790
North Diane, RI 22099",1983-04-18,North Parkerbury
Luke Ibarra,"USS Davis
FPO AA 77906",1973-10-25,Belindamouth
Edward Kline,"4975 Tammy Knolls
Christophertown, AS 80233",1994-04-28,Susanport
Erica Conway,"Unit 4635 Box 9377
DPO AA 08673",1972-01-14,West David
Margaret Valenzuela,"1384 Katie Branch
Lake Robin, WV 59042",2007-09-28,Masonchester
Sara Small,"417 Mark Spring
Priceville, NY 91900",1978-08-05,Loriside
Dr. Brandon Smith,"3310 Jodi Street Apt. 269
East Kristinafurt, MS 52187",1997-06-15,Thomasport
Spencer Smith,"Unit 4203 Box 3341
DPO AA 81200",1980-10-13,Kellimouth
Robin Martin,"746 Valerie Trail
West Lisachester, TN 49246",2017-12-28,West Jennifer
Jennifer Lewis,"6409 Jackson Roads
Lake Johnmouth, WA 99650",2000-12-16,Watsonbury
Andrew Smith,"6622 Jonathan Lodge
West Jeffrey, AL 80509",2006-06-04,North Courtneyview
Natalie Reyes,"00806 Sheppard Island Suite 968
Jonesborough, DE 64945",1991-03-12,East Nancymouth
Craig Schmidt,"3370 Corey Manor Suite 186
Moralesburgh, CA 68789",2004-11-04,Lake Larry
David Lewis,"4386 Evans Well Apt. 079
North Jessicastad, MT 80017",2022-12-03,Michaelbury
Michael Vazquez,"179 Douglas Union Apt. 030
Kathleenborough, NC 11864",1987-08-19,Lake Katherine
Terry Sellers,"85081 Hanson Extensions
Port Angela, WY 64064",2015-07-18,New John
William Lambert,"3851 Jorge Track Apt. 722
North Christopherport, MI 57687",1997-07-26,Lake Josephchester
Joshua Baker,"5138 Mercado Trail Suite 317
Port Donna, OK 54448",1988-03-10,Lake Karenville
Andrea Smith,"48766 Steven Path Suite 753
Lake Joseshire, NM 29483",2021-06-07,Shaneport
Ashley Roberts,"354 Sarah Island Apt. 085
Port Jessicaport, ID 27175",2011-08-08,New Elizabethport
Monica King,"6971 Damon Park
Cameronland, CA 03751",2015-04-01,West Kennethchester
Andrew Brown,"617 Wells Stravenue Apt. 326
Jacobfurt, WY 43960",1993-07-22,Jerryside
Amanda Lowe,"0288 Crystal Motorway
Scottbury, AK 85368",1997-07-23,East Jacqueline
Jane Chandler,"90073 Rebecca Summit
North Robertside, MD 14659",1974-04-16,Torresmouth
Alex Ochoa,"343 Lee Rue Apt. 025
Karabury, NC 42506",2002-03-07,North Douglasville
Kerri Rodriguez,"5587 Deborah Plaza Apt. 794
Port Anna, MP 45791",2015-11-21,East Ashley
Nicole Adams,"Unit 1700 Box 5674
DPO AE 85580",1992-06-16,Whitakermouth
Timothy Alvarado,"PSC 8531, Box 7832
APO AP 94631",2015-09-28,Chrisview
Amanda Weaver,"61325 Nicole Trace Suite 311
North Kaylachester, OK 86265",2017-11-23,Brookehaven
Jonathan Zavala,"330 Day Skyway Apt. 472
Dicksonport, WA 25171",1999-11-06,Michaelton
Andrew Foster,"61752 Lisa Lake Apt. 426
East Mark, NV 80040",1971-11-10,East Alisonshire
Amanda Jordan,"9742 April Shoals
North Valeriestad, SD 26533",1993-09-07,West Hannahtown
Ryan Cowan,"21494 Andrew Parkway Apt. 675
New William, AZ 84486",2020-07-14,East Thomasborough
Kimberly Graham,"115 Jose Rapids Suite 545
Laurenview, IN 12050",1999-10-08,Davisborough
Diana Douglas,"8631 Vargas Row Apt. 924
Kimberlyville, OR 75459",2019-12-29,Lake Melaniehaven
Terry Travis,"PSC 5550, Box 1608
APO AP 12902",2007-12-16,Lake Johnhaven
Megan Massey,"03857 Landry Harbors
Port Johnside, IA 97759",1972-11-14,New Samuel
Ellen Alvarez,"936 Nicole Meadow Suite 060
East Ariel, KY 56873",1980-11-14,Lake Elizabethton
Madeline Johnson,"4140 Natasha Hills Suite 555
New Maryport, TX 15784",2017-04-19,Butlerborough
Andrew Le,"4115 Dana Skyway Suite 424
Moralesport, NV 71836",1973-08-12,Harrisfort
Adam Parks,"5983 Williams Neck
North Joshua, VI 18252",1982-01-03,South Craigmouth
Timothy May,"7234 Reed Meadow Suite 828
Jenniferton, NY 73878",2021-08-05,Lake Robert
Rachel Foster,"880 Joshua Tunnel
Burkefort, SC 68249",2000-04-18,Lake Charlenefort
Michael Carey,"40559 Schneider River Suite 681
South Angela, AK 75483",2020-04-21,Erikaville
Sandra Scott,"26387 Johnson Center
Troyview, PR 98078",1979-12-25,North Donnaport
Patricia Jones,"9721 Randall Forge Apt. 498
Lake Danielle, ME 16413",1982-05-06,Hutchinsonhaven
Mrs. Beverly Dickson,"251 Jose Run
South Robinton, HI 99004",1980-07-18,Michaelton
Robert Cunningham,"36656 Griffin Way
Mirandaberg, OR 08732",2020-05-28,South Thomas
Molly Berg,"571 Coleman Plaza Apt. 617
Port Robert, ID 43554",1974-08-03,Laurieshire
Nicole Ballard,"41274 Frank Run
Lake Jason, MO 40135",1972-07-17,Gomezfurt
Rodney Harper,"2007 Taylor Light Apt. 966
Lake Rhonda, VT 23128",1987-04-01,Billybury
Jonathan Delgado,"421 Gregory Walk Suite 139
Port John, TN 66281",1978-11-24,Port Stephen
Jonathan Gates,"677 Matthew Haven
Hillland, DC 13121",2010-08-11,Lake Williamstad
Jeffrey Kennedy,"734 Amy Station Apt. 183
Lake Holly, WA 11136",2009-06-13,Michaelfurt
Isaiah Douglas,"0387 Gordon Rest Apt. 992
East Michael, NE 33173",1982-02-27,South Sheilamouth
Douglas Garza,"5225 Glover Pass Apt. 606
Port Pamela, PA 15976",1986-05-04,Andrechester
James Holmes,"56927 Brian Flat
Port Kathy, FL 74874",1970-08-13,New Cynthiastad
Robert Parker,"853 Ortiz Road
Freemanburgh, NV 73946",1972-01-09,North Alison
Stephen Cook,"6069 Johnson Turnpike
West Heathermouth, ID 85845",1998-09-21,Mariomouth
Brian Long,"060 Hughes Mountain Suite 299
Wrightside, MH 86571",2013-09-16,Port Andrea
Vanessa Woods,"688 Jones Wells Suite 671
Bennetttown, IL 74746",2004-07-07,North Andrew
Lauren Nunez,"3341 Vance Unions Apt. 708
Courtneyside, CT 37163",1974-04-26,East Brendashire
Samuel Rogers,"415 Brenda Ville Apt. 066
Brennanview, ND 73416",1989-03-17,Lake Brian
Elizabeth Perez,"19596 Lee Stravenue Apt. 704
New Michelle, PR 56548",2002-06-12,West Williamtown
Melissa Castillo,"688 Lisa Roads Apt. 974
Rossview, VA 03416",2017-11-08,East Leahfort
Bryce Woods,"7784 Marcus Trafficway Suite 170
Nunezbury, IN 57029",2019-09-10,Jenniferville
Michael Combs,"7110 Courtney Stream Suite 155
Ericview, DC 03502",2007-02-18,Burgessport
Manuel Estrada,"80239 Davis Well Apt. 752
New Aprilview, GU 29955",1995-06-01,Meganchester
Ronald Skinner,"Unit 4500 Box 6131
DPO AP 37252",1970-06-28,South Laurenside
Dawn Cunningham,"358 Griffith Lodge Apt. 237
Washingtonborough, NJ 49036",1970-08-01,East Rachelport
Cathy Parker,"404 Leslie Spring
West Sydneyfurt, CA 22952",1980-07-18,Lake Andreaview
Julia Malone,"28454 Hill Cove
Williamsfort, LA 26233",1981-07-10,North Hannah
Megan Ibarra,"02849 Young Ferry
East Ivanburgh, KY 99660",1973-12-29,Lake Steven
Mrs. Nancy Riley,"3291 Davis Drive Apt. 772
West Jaclyn, DC 81792",2011-03-22,Olsonburgh
Emily Mccarthy,"192 Catherine Loaf Apt. 335
Stewartview, WV 90413",2018-11-13,Samanthaville
Mrs. Mary Kaufman,"2495 Allison Camp
Randallside, PR 97445",1987-04-27,Curtismouth
Lori Horton,"USS Fowler
FPO AA 26137",1974-04-30,New Shannonmouth
Rachael Browning,"91860 Roberts Street
Alexandriashire, AK 88556",1977-06-09,Cherylton
Alyssa Estrada,"USS Thompson
FPO AA 88239",2013-08-15,Michaelborough
Michelle Hansen,"PSC 5849, Box 0166
APO AE 45055",2012-01-05,East Vincentport
Christopher Stone,"5145 Steven Mews
Lake Jeremymouth, MI 61456",1998-08-08,Saraton
Adam Parker,"59392 Welch Lodge Apt. 109
New Ashley, OR 84594",1984-01-02,East Denisetown
Sierra Castillo,"8532 Zachary Islands
West Shannonburgh, NC 35576",2015-06-09,Port Patrickville
Matthew Ford,"9040 Tanya Manor Suite 682
New Eric, FL 85976",1976-05-21,West Angela
Stephen Lewis,"474 Villanueva Ports Apt. 100
Mollystad, GU 12724",1986-05-03,West Christina
Michael Scott,"PSC 1621, Box 4898
APO AE 64341",1978-05-30,Ericchester
Hailey Arroyo,"USCGC Perez
FPO AP 57006",2019-03-16,North Christine
Daniel Wilson,"162 Jorge Fall Apt. 271
Larsontown, AK 22755",1994-01-25,New Amanda
Krystal Logan,"33673 Thomas Trail Apt. 326
South Christopher, ND 76979",1973-06-05,Tinafort
Jacob Haley,"41710 Diane Forge Suite 628
Kennethstad, VA 59114",1981-07-19,Port Lisa
Heather Larsen,"5388 Erica Ports
Maldonadoton, MO 89124",2006-01-11,South Marcville
Andrew Meyer Jr.,"21123 Kenneth Road Apt. 381
East Lindsaybury, PA 59279",1975-08-22,West Amyshire
Mrs. Andrea Patrick,"18647 Wendy Lodge
Zacharyville, AZ 24624",2021-10-08,Dawnland
Jessica Stewart,"63760 Jeremy Walk
Johnsontown, PW 05466",1981-08-18,Lisabury
Jessica Baker,"262 Janet Passage Apt. 852
Shepardtown, ID 03976",2017-01-23,East Timothyville
Mike Campbell,"20562 Shelby Hollow Suite 412
West Corey, CA 31832",2001-01-06,Youngtown
Nathan Santana,"23783 Holmes River
Brandonmouth, PW 63014",2022-01-05,Hullstad
Walter Jones,"69807 Barker Gardens Suite 304
Port Christine, IL 46445",2001-02-23,Port Barbarahaven
Joshua Dixon,"USS Rodriguez
FPO AA 18750",1983-07-29,South Davidfort
Dr. John Haney,"44746 Washington Ramp
Gonzalesport, WV 12962",2001-12-20,Catherineville
Stephen Delgado,"64566 Stacey Village Apt. 576
Kimberlyfort, UT 35433",2015-10-27,East Traci
Ashley Rollins,"85004 White Stream Apt. 285
Warnerport, WA 22223",1985-09-11,North Catherinetown
Michael Hammond DVM,"6881 Emily Place
Jenniferstad, WV 54785",1972-04-03,Barbaraton
Cathy Franklin,"203 Hall Keys Suite 536
New Ericstad, UT 20810",2022-11-28,West Rhondahaven
Tammy Burke,"2157 Williams Square
Port Emily, LA 19424",2013-02-28,Smithmouth
Antonio Gregory,"PSC 4335, Box 6742
APO AP 07038",1992-03-22,Isaacborough
Megan Shaw,"582 Anderson Lakes
Port Lisaborough, VT 87763",2020-05-22,New Stevenville
Tony Gibson,"375 Diana Drives Apt. 232
Lake Kelsey, ME 04998",1983-04-04,West Deniseborough
Beverly Randolph,"47789 Baxter Rapids
Port Jeanettetown, IA 20167",1989-11-07,Scottside
Heidi Jordan,"7510 Melissa Estates Suite 963
Jasonbury, AK 29925",1987-09-05,Port Erica
Andrew Harper,"53068 Barbara Lane Apt. 300
West Stacy, IA 97656",2023-01-16,North Daniel
Luke Townsend,"326 Joseph Forest Apt. 656
Matthewview, FL 50947",1988-10-21,Carlaburgh
Courtney Scott,"704 Susan Views
Hendrickshaven, NY 42003",2020-06-05,Port Raymondhaven
Elizabeth Carter,"21363 Patel Pass Apt. 543
Lake Aaron, VI 07645",2021-06-13,New Sheilashire
Andrew Campbell,"Unit 5740 Box 2037
DPO AE 59800",1975-08-17,Zimmermanfort
Amy Whitaker,"9619 Felicia River Apt. 893
East Alex, CO 61549",1988-08-15,Port Arthurbury
Mark Conley,"04312 Hernandez Harbors Suite 752
Cookhaven, MA 41375",1983-07-24,Port Gavin
Rebecca Lane,"827 Hardy Terrace Suite 722
Martinbury, GU 15480",2012-07-27,Freemanfurt
Jamie Baldwin,"32949 Morgan Path
Ariasbury, MD 83743",1978-01-10,Matthewshire
Gina Garcia,"USCGC Lopez
FPO AE 12771",1986-11-05,Port Scott
Roberto Anthony,"738 Daniel Locks
Sharonburgh, OR 02479",2005-01-16,Port Kathryn
Nathan Ramirez,"8462 Tucker Stream Apt. 381
Ronaldberg, AZ 01115",1996-06-01,Lake Michaelmouth
Amanda Lee,"47245 Kevin Union
Nicholasshire, TX 18981",1974-10-06,Port Lindseyfurt
Jacqueline Campbell,"0726 Clark Roads Suite 694
Port Danachester, MD 38450",2001-07-20,New Devon
Ann Hawkins,"57606 Ryan Flats
North Noahfurt, TX 73922",1994-07-16,Lake Karenshire
Vanessa Blackwell,"294 Kelly Shore
Port Annaton, MN 39481",2002-12-29,South Henry
Mr. Michael Hernandez III,"51082 Huffman Highway Suite 024
West Ryan, MT 09558",1996-12-12,East Martha
Joanna Sexton,"8595 Hailey Burgs
East Matthew, PA 33239",1973-12-03,Beckstad
Thomas Grant,"845 Rachael Heights Apt. 143
Gilbertville, KS 74042",1994-04-08,West Josephstad
Andrea Moreno,"3294 Stephen Prairie
Kellyport, ND 64885",2014-08-19,Smithview
Damon Diaz,"5920 Hernandez Crossing
Port Brianna, AR 38043",1983-06-20,Lauriebury
Eric Brooks,"1199 Williams Fall
Ashleyside, MS 83009",2002-09-07,Sloanborough
Jennifer Francis,"9432 Montgomery Station
Johnsonmouth, MS 14597",2017-05-29,Lake Angela
Steven Garrett,"PSC 1764, Box 9605
APO AA 24746",1984-01-06,Danielhaven
David Elliott,"224 Perry Shore
Lake Brandi, MA 99587",2003-11-27,North Vincent
Samantha Benson,"891 Mccarty Manor Apt. 048
New Wayne, DC 65995",1979-11-13,South Thomas
Kent Case,"37288 Smith Mountains Suite 451
Ellisview, PW 25341",1999-12-20,Josephmouth
Gabriel Ellis,"4479 Blake Forges
Morrisonborough, GA 56182",1978-10-23,South Jennifer
Shane Jackson,"9899 Melody Forest
Floresberg, TX 66639",2020-04-15,New Jillianburgh
Brandon Howe,"640 Edgar Cove Suite 117
West Davidburgh, IA 65352",2003-10-05,Robertmouth
Tina Tyler,"USCGC Harper
FPO AE 42616",2011-12-17,Jamesmouth
David James,"037 Sarah Cliff
Lake Neilmouth, NY 37145",2004-05-06,Lake Scottport
Matthew Myers,"PSC 7441, Box 3227
APO AA 86640",2008-10-25,New Elizabeth
Roger Smith,"664 Kyle Shoal
Floydton, SD 72312",2022-06-11,Brownfort
Anita Neal,"792 Anderson Flat Apt. 622
Markhaven, OR 73323",1986-06-23,Michellefort
Brittany James,"05749 Robert Garden Apt. 185
West Troy, NH 22977",1991-12-06,North Crystalfurt
Dennis Olson,"700 Davis Pike
Lake Stacy, AR 46817",1975-10-22,South Robertburgh
Julia Floyd,"PSC 0833, Box 4680
APO AA 98364",2009-12-20,North Allen
Andre Rivera,"2957 Karen Ports
Port Stuart, PR 69711",2019-07-13,Stephaniebury
Tanya Cook,"5737 Dylan Throughway
Carlafort, AZ 53174",2006-06-18,Reginaton
Ashley Murray,"75922 Levine Spurs Apt. 001
South James, OK 96281",1993-04-09,New Jennifershire
Shawn Wood,"059 William Turnpike Apt. 743
Kimberlyville, GA 30373",2000-05-21,Wangfurt
Justin Brooks,"85640 Kelly Club Suite 030
Stoneburgh, CA 71573",1978-12-14,Chelseaberg
Eric Owens,"847 David Plaza
Foleyburgh, VI 80354",2010-08-12,East Christyfort
Stephen Bean,"66382 Stewart Crescent
Lauraberg, VI 89587",1976-11-17,Whiteview
Nicole Olsen,"527 Misty Path
Mirandashire, CA 05877",2015-09-30,West Kara
Alicia Murray,"61570 Copeland Parkways Apt. 245
Welchview, MI 34522",1984-08-19,Meyermouth
Dustin Woods,"984 Green Shoal
Jessicashire, ME 91842",1999-05-28,Garciaville
Cody Bright,"2645 John Circles Apt. 950
Brownberg, ND 80018",2006-06-26,Myersborough
James Richardson,"7907 Singh Trail Apt. 991
Donnamouth, IA 93209",1974-12-14,Jessicaland
Shelby Banks,"Unit 2383 Box 0310
DPO AE 17907",2015-05-24,Youngchester
Ronald Torres Jr.,"23405 Michael Prairie Suite 070
Davidhaven, SC 40762",1972-02-20,South Erica
Tiffany Rubio,"7483 Amber Flats
Gregoryview, WV 43348",1998-06-22,Cooperfort
Erin Williams,"834 Sara Lodge Suite 489
Caseymouth, GA 04350",2006-12-14,Christopherland
Daniel White,"USNV Duke
FPO AA 32588",1975-08-22,East Alicia
Dawn Schultz,"2417 Parsons Mountains
East Candaceport, RI 28349",1976-06-14,East Darin
Ryan Gonzales,"6425 Kennedy Center
West Sheila, NE 05807",1994-10-23,Lake Thomas
Kathryn Wright,"870 Daniel Tunnel
Port Brandonbury, CO 42265",1978-08-13,Adkinsville
David Cox,"73804 Christian Mountains Apt. 730
East Kathryntown, GA 04766",1977-05-21,Steveland
Lauren Jordan,"555 Bailey Overpass
Tamarahaven, SD 53113",1995-01-28,Lopezmouth
Jeffrey Taylor,"52739 Vanessa Garden
Jenniferfurt, AR 99260",1975-07-22,Lake Jenniferland
Rachel Fry,"318 Harvey River
Lake Pamela, AR 18941",1980-01-26,Mooremouth
Richard Rodriguez,"141 Richard Streets Suite 916
West Antoniostad, UT 18798",1983-01-25,East Jeremiahshire
Amy Harper,"55465 Christina Walk Suite 639
Port Nicolas, HI 07154",1987-10-12,East Joseph
David Gordon,"4157 Freeman Isle
East Bethberg, TN 07349",1991-07-16,Lake Jeff
Lauren Bell,"353 Brenda Prairie Apt. 001
Lake Jodyshire, RI 63023",2010-01-25,Stephaniechester
Katherine Ryan,"USNV Friedman
FPO AA 82818",1976-05-08,New Ricky
Lisa Cooper,"251 Gordon Cliffs Suite 779
North Juanchester, MP 84913",1987-01-04,Port Natashaborough
Timothy Boyd,"97242 John Valley
Cervanteschester, TX 39830",1985-03-09,Rebeccaside
Julie Smith,"140 Nelson Way Apt. 957
Coreyshire, VA 80183",1983-03-15,Douglashaven
Dennis Hurst,"USNV Myers
FPO AA 61128",2009-01-28,Vazquezport
Angela Donovan,"33441 Fletcher Branch
Thomasfort, DC 26788",1973-04-18,West Laura
Robert Booth,"USS Dawson
FPO AP 84688",2011-09-10,New Ryan
Benjamin Ortiz,"93173 Roberts Spring
West Jenniferville, MS 47502",1998-09-30,Joyfurt
Maria Murray,"899 Tammy Inlet
Bentleystad, NV 24667",1987-11-02,Valentineshire
Matthew James,"3622 Smith Mews
Lunaview, SC 10702",1986-12-03,Samuelfort
Francisco Taylor,"44780 Thomas Forest
Jarvisfurt, MA 63075",1999-05-11,New Lindsay
Jorge Stevens,"724 Peggy Fall
North Kimberlyberg, MN 89759",2008-06-02,New Peter
John Obrien,"2588 Greer Junctions
Jacksonberg, HI 27759",2021-09-29,Aliciafurt
Jamie Pollard,"35023 Melissa Wells
Codystad, VI 36193",2007-06-19,Lake Jessicafurt
Stacy Peterson,"6683 Serrano Turnpike
North Deborahborough, SD 96195",2016-05-05,Timothyburgh
Erin Watson,"6254 Wu Place Suite 148
South Bradleychester, LA 97311",2008-07-14,Matthewville
Jamie Johnson,"687 Lopez Mission Apt. 158
North William, NM 02904",2012-11-12,Lake Brian
Timothy Evans,"114 Pamela Shoals Suite 449
Arroyobury, GA 47938",1999-09-29,Mcguiremouth
Brianna Clark,"USNS Murphy
FPO AP 27087",2019-02-08,East Kimberly
Gabrielle Ray,"378 Brett Isle Apt. 068
Port Markhaven, TX 75612",1981-07-27,Ellisonfurt
Daniel Bryant,"088 Jamie Island Suite 185
East Johnburgh, KS 82753",2020-07-26,South Jennifer
Hannah Lopez,"69253 Danielle Villages
Wayneland, AK 98607",1993-12-09,Williammouth
Christy Rogers,"0209 Brian Extensions
Duranborough, KY 85874",2007-07-08,Lake Meganstad
David Smith,"USS Sandoval
FPO AE 35034",2003-09-05,Nicholemouth
Adam Wolf,"475 Farrell Lakes
Ronaldside, NJ 43930",1989-08-31,Bestchester
Justin Park,"913 Leonard Village
Thompsonshire, WY 23463",2018-12-23,Nguyenburgh
Luis Taylor,"USNV Brown
FPO AA 03510",2015-11-10,West Bethmouth
Darlene Arias,"811 Hayley Road Suite 059
Thomasville, IN 68211",1993-09-23,North Tracyside
Justin Cole,"81320 Benjamin Dam Apt. 810
Juliafort, CA 70168",2022-10-08,West Lorifort
Daniel Bartlett,"400 Brian Street Suite 102
Lake Kimberly, AZ 83902",2004-11-28,New Jameston
Mark Todd,"82246 Garcia Mews Suite 488
Phyllisville, AR 06170",2022-06-19,New Cheyenne
John Harris,"PSC 0133, Box 2972
APO AE 17448",1982-09-16,Alexandertown
Caitlyn Fischer,"0603 Seth Vista
North Emilyborough, MN 95192",1977-01-03,Allenmouth
Raymond Jennings,"15609 Hayes Cove
Brendaton, VA 64031",1993-05-04,Kelleyville
Matthew Wilson,"64077 Andrade Walk Apt. 794
Port Kim, MN 83825",2021-03-12,New Louis
Brandy Keller,"643 Steven Trail Suite 276
Lake Jamie, VI 55905",1996-05-26,North John
Christy Garza,"85131 Perkins Mountain Suite 761
Spencermouth, IL 34162",2015-12-18,East Michaelburgh
Steven Barber,"558 Marquez Road Apt. 451
Aprilside, ID 91406",1998-04-05,Port Anthonytown
Jermaine Harvey,"669 Price Corners
Port Kellytown, PR 28075",1985-08-25,Gatesside
Jerome Flores,"458 Latasha Corner Apt. 032
Lake Nathanberg, RI 95976",2003-04-21,Port Gerald
Thomas Luna,"91406 Colin River Suite 577
West Andreaview, PW 95835",1972-06-09,Lake Paulfort
Kimberly Martinez,"37299 Campbell Parkway
Johnsonshire, CA 71079",1970-03-03,New Gregory
Shannon Freeman,"PSC 7881, Box 6401
APO AP 26752",1991-02-17,East Emily
Patricia James,"6567 Miller Avenue
Thomasland, MD 64322",2000-01-22,Michaelburgh
Thomas Orr,"35853 Sara Canyon
Schwartzville, PA 35401",2012-03-14,Lake Dylanhaven
Kimberly Bailey,"643 Ashley Wells
Lake Elizabethbury, MD 95783",1984-09-01,South Barbara
Robert Farmer,"4941 Ortiz Freeway
Jeannehaven, PW 20034",1981-07-17,Bennettmouth
Sara Carpenter,"147 Bryant Skyway Suite 423
Port Darleneville, VA 98365",1981-03-31,Douglaston
Joel Burton,"156 Hicks Drives
East Patrickside, NV 93046",1989-11-09,Port Russell
Robin James,"820 Johnson Village Suite 348
Stephensburgh, IN 73267",1999-07-22,Pattersonberg
Jamie Conway,"51307 Williamson Plain
Jenniferberg, NC 48540",1975-10-20,North Jordan
Raymond Fitzgerald,"77380 Robinson Courts Suite 041
South Zachary, IL 84457",2017-02-05,Christinaberg
Rodney Brown,"561 Cynthia Green Apt. 903
South James, CO 90279",2015-09-29,New Mary
Jasmine Taylor,"925 Payne Groves
Holtton, MT 57793",1994-11-12,Wilsonstad
Jonathan Nunez,"70572 Anthony Gateway
New Justinton, OH 96588",2005-04-08,North Thomas
Amy Foster,"383 Rebekah Plaza Suite 029
Jeanneton, GU 50969",1998-02-23,Thomasborough
Katelyn Salazar,"608 Jackson Stravenue Suite 384
Port Kathyview, VI 57718",2009-12-31,South Cynthiaborough
Pam Tucker,"0031 Ramirez Grove
South Timothyborough, VA 25909",1978-04-08,Palmerborough
Brady Smith,"33140 Mathews Court
Millerland, FL 68210",2001-06-05,Matthewtown
Patricia Ford,"PSC 9340, Box 9734
APO AA 19149",2013-02-06,Mooremouth
Deborah Cole,"8875 Caldwell Summit Apt. 127
Darylmouth, TX 56603",1998-11-03,Goodton
Sara Sanchez,"134 Kristy Harbors Apt. 361
North Margaretton, NV 73316",1980-03-20,Taylorton
Jacob Holmes,"240 Lance Spring Suite 589
Port Robin, NJ 79487",2015-10-13,West Robert
Cody Martinez,"55230 Williams Mountains Apt. 194
New Crystalton, ND 43607",1971-01-20,Lake Brandonshire
Kenneth Moran,"1955 Wade Parkway
Port Ashleyburgh, GA 05605",1972-02-06,South Nathanstad
Charles Dodson,"6682 Emily Mountain Apt. 600
South Michael, IL 59656",1974-06-23,North Chadtown
Melinda Krueger,"600 Brown Radial
Clarkview, GU 23127",1988-08-11,Danielshire
Michael Garcia,"284 Jim Walk
West Shawnberg, NH 74128",1977-04-21,Kiaraside
Mckenzie Wiley,"2701 Contreras Ranch Suite 095
Davidhaven, UT 48807",1979-06-17,Yumouth
David Williams,"PSC 1960, Box 5774
APO AA 64125",1977-04-25,South Theresafort
Jose Hall,"3764 Melissa Station
Loristad, NV 88778",2022-07-31,Port Jeremy
Lisa Pierce,"978 Casey Union
Timothystad, PR 80278",1981-02-24,South Susan
Kenneth Gray,"6789 Paul Valleys
Port Robert, MD 12252",2018-08-04,South Stephenview
Joshua Delacruz,"380 Brent Forks
South Michelleland, DC 15761",1999-10-24,Hubermouth
Michelle Ramsey,"340 Malone Mission
Hamiltonburgh, ND 65837",1998-05-24,Andersonville
Alexander Edwards,"8810 Burns Cape Apt. 697
East Joeview, RI 03512",2021-02-21,Garciaport
Brittany Collins,"478 Ronald Creek Suite 391
East Elizabethside, MO 97646",2014-10-06,Johnsonchester
Valerie Lawrence,"71759 Riley Summit Suite 784
East Joseph, RI 72587",1977-12-05,Johnchester
Troy Jackson,"00734 Long Mill
Port Karen, UT 06291",1971-04-07,Lake Williamhaven
Ryan Benitez,"0902 Foster Trail
Johnsonshire, WA 80383",1991-09-19,Atkinsonmouth
Christina Parker,"17335 Nathaniel Corner
Port Sarah, VT 12262",1970-12-28,Smithburgh
Rebecca Turner,"360 Gabrielle Lakes Apt. 444
Lake Tracy, ND 47870",1984-06-26,South Wayneshire
Jacob Frazier,"USNS Davis
FPO AE 42741",1987-07-15,Christianbury
Alex Hansen,"57069 Cheyenne Alley Apt. 055
Joyceville, AK 32305",2002-08-14,South Andrew
Richard Thompson,"573 Brendan Court
Fieldsside, IL 19252",1972-09-07,Port Kevin
Morgan Duarte,"5713 Anderson Cliffs
Lake Hannahstad, DE 44129",2011-05-02,Port Dominique
Kristen Kirk,"522 David Tunnel
Angelaborough, NY 92345",2004-10-01,Harrisside
Jose Ross,"29602 Jennifer Square
Port Jasonchester, RI 07240",1976-08-27,West Nicolestad
Justin Taylor,"0144 Hall Tunnel
South Christopherfort, FM 93628",2003-08-01,Juliaberg
Michael Smith,"569 Jennifer Locks Suite 172
West Isaiahmouth, DC 75068",2004-09-08,Hoffmanfort
Anthony Hendricks,"444 Hester Coves
South Nicole, NC 72059",1984-11-30,New Scott
Kevin Moore,"994 Monique Crest
East Tammy, CT 44190",1983-05-21,Kellyfort
Isaac Davis,"871 Stephen Rapids
Timothytown, MP 25360",1990-01-16,North Joanne
Barbara Williams,"USNS Gonzalez
FPO AP 70766",1991-03-14,Vaughnton
Jason Jenkins,"0844 Tommy Throughway
East Georgeburgh, NV 45785",1974-08-08,Port Kimberly
Wanda Pacheco,"14673 Banks Junctions Apt. 642
South Carolynton, WA 44868",2019-11-08,Port Jacqueline
Richard Monroe,"777 Kim Plaza Suite 784
South Whitney, VA 20597",2005-12-05,Berryton
Cynthia Palmer,"584 Freeman Ports
Murphyton, MO 90977",1981-11-20,Port Luis
Matthew Davis DDS,"47100 Mccoy Groves Apt. 867
Markside, NE 71096",1984-06-20,Moonland
Zachary Baldwin,"Unit 2370 Box 4051
DPO AP 35758",1981-03-11,Hoganberg
Brian Rodriguez,"92388 James Ford Apt. 574
Sueburgh, HI 51173",1998-06-03,Jenniferview
Rebecca Pearson,"Unit 7946 Box 8415
DPO AP 65477",1973-10-25,Nataliemouth
Terry Nguyen,"714 Taylor Inlet Apt. 595
Williamsstad, OR 46430",2008-03-12,Stewartbury
Martin Robertson,"873 Jennifer Causeway Suite 824
Travishaven, FL 26915",1976-02-05,Albertfurt
Timothy Perry,"1469 Solomon Throughway Suite 696
East Christopherville, VA 64821",1987-03-23,Cruzburgh
Patricia Bush,"7111 Hall Crossing Suite 320
East Jennifer, SD 86537",1988-04-10,West Patriciaville
Amber Rodriguez,"5566 Rhonda Circles
Port Leahbury, PW 19594",1988-05-05,East Brendaborough
Deborah Rodriguez MD,"13074 James Court
East Andreaburgh, AL 37067",1975-09-30,Lake Lance
William Anderson,"87525 Nielsen Inlet Suite 381
Williamstad, VT 34817",1994-07-04,Natashastad
Vanessa Welch,"17543 Stephen Mills
West Vincentborough, AR 17439",1982-11-04,Holdenland
Mary Burton,"816 Nelson Branch Suite 243
Curtisland, AR 45618",2001-02-14,Smithfurt
Kelly Fowler,"886 Randy Shore Apt. 252
Jonathanmouth, NM 63895",2011-04-16,Hunterfort
Aimee Powers,"71233 Newton Route Suite 722
Debbiebury, IA 44010",1983-09-14,Ericborough
Sarah Flowers,"88246 Phillips Plaza Suite 286
Danielshire, CA 71553",2002-09-13,Allentown
Kristin Barnes,"0402 Duncan Isle Apt. 162
Port Nicholasborough, AL 58195",2006-02-07,Hermanberg
Shawn Lopez,"8213 Danielle Way Apt. 127
Austinfurt, GA 83958",1991-03-05,Lake April
Phyllis Davidson,"6821 Nathaniel Center
Davismouth, TN 88249",2022-10-15,West Matthewside
Catherine Velasquez,"81258 Jackson Canyon Suite 033
North Jamie, IA 19823",1988-11-07,South Christina
Kenneth Bond,"4232 Turner Bridge Apt. 513
West Jillian, PW 25072",1979-01-01,Walkerfort
Christopher Davies,"244 Sandoval Haven
West Kayla, VT 53222",1984-09-13,Andersonberg
Lisa Sims,"31334 Robert Circles Apt. 067
Lisaburgh, MA 18488",1993-07-16,Davidborough
Nancy Ortega,"3582 Stephanie Knoll Apt. 000
Port William, GA 11539",2016-06-02,West Stephanie
Adrian Patterson,"5984 Schneider Canyon
Port Courtneyshire, FL 96636",1989-08-28,West Laurenbury
Christopher Mays,"605 Barnes Avenue Apt. 311
Lake Allison, WA 61296",1979-10-02,Leahstad
Lisa Mcgee,"215 Sharon Haven
Wendychester, NE 26905",1991-09-14,Port Katherineburgh
Lindsey Jones,"PSC 2139, Box 2994
APO AP 19191",1977-02-15,Clarkmouth
Kelsey Singh,"1022 Parsons Alley Suite 700
Coopertown, NM 12041",2002-08-28,South Jennifermouth
Alexis Reynolds,"5285 Joanne Flat Apt. 038
Landryside, FM 21121",1979-03-18,Kathrynside
Tina Hines,"909 Bowen Flat Apt. 012
South Amandafurt, MP 13302",1988-09-08,Bushville
Eric Webster,"399 Grimes Row Apt. 554
Jillberg, AS 23326",2006-06-12,Westborough
Walter Bond,"59339 Luis Garden
Woodstad, NC 62057",2005-09-11,East Stephen
Donald Reyes,"14667 Michael Forks
Wellstown, ND 07773",1996-05-03,Kathyshire
Andrea Figueroa,"7164 Megan Islands
West Matthewmouth, FM 42127",2010-05-17,South Kellyfurt
Christopher Allen,"5236 Johnson Throughway
East Saraport, VA 72058",2004-05-13,Jessicafort
Sarah Shelton,"USCGC Murphy
FPO AA 54325",2011-12-23,West Brucefurt
Christopher Brown,"3005 Corey Bypass Apt. 419
Norrismouth, LA 22146",1993-01-30,Arnoldside
Christopher Woodward,"751 Sabrina Extensions Apt. 798
Taylorhaven, SD 11412",2022-02-25,East Steventon
Mr. Richard Baker,"2568 Johnson Common
Joseview, IA 67858",1984-01-15,Lake Philipbury
Amanda Anderson,"Unit 6960 Box 0796
DPO AE 69058",2017-09-28,Kristenview
Carolyn Gomez,"PSC 6226, Box 0748
APO AA 62213",1985-03-24,New Marthaborough
Jesse Parrish,"53847 Morris Lodge Apt. 046
Codymouth, CT 41213",2012-01-06,East Christinamouth
Richard Lee,"USS Thomas
FPO AE 52071",2016-03-18,Watsonton
Sara Wolfe,"67654 Walker Gardens
Debraville, NY 16222",2003-03-17,Butlerview
Alicia Watson,"Unit 0131 Box 8677
DPO AE 79093",1973-09-30,Hughesfort
Billy Moore,"6497 Jason Fall
Frostport, NV 91460",2016-12-02,Diazside
Lisa Cooley,"8751 Knight Mountain Suite 962
South Wayne, AK 90812",2020-05-09,West Jamesborough
Kathleen Hardin,"81839 Dana River
Reevestown, DE 97739",1992-04-26,West Danielle
Denise Richardson,"83099 Veronica Points
Nathanborough, IL 46919",1998-07-10,East Colleen
Brooke Parker,"74358 Hicks Roads
Frederickborough, VA 97173",1998-12-20,Davidside
Thomas Lee,"57771 Wilkinson Track Apt. 150
East Rhonda, VI 92357",2020-11-25,Port Conniehaven
Mr. Edward English,"138 Michael Light Apt. 592
Douglasstad, WY 48993",2017-07-09,Port Jonathanmouth
Brittney Sims,"34674 Robertson Mountains Suite 869
Cassandraland, SC 01276",2006-02-24,Christensentown
Patricia Houston,"69466 Wilson Garden
East Andreafurt, NE 65661",2021-12-01,Nicholasstad
Sonya Roberts,"15321 Campos Rapid Suite 059
North Jeremiah, NV 28280",1988-06-07,North Michael
Elizabeth Yu,"6086 Anthony Streets
North Marychester, AL 53849",2019-11-27,Charlesstad
Shawn Butler,"PSC 6897, Box 8126
APO AP 19480",2018-05-16,Lake Kevinberg
David Rodriguez,"3692 Thomas Forks Suite 597
Lake Deniseshire, OR 36226",2016-07-02,Port Calebburgh
Antonio Garcia,"25492 Black Harbor
East Heather, CO 91930",1986-12-31,North Sheriview
Sharon Hogan,"55125 Kevin Mount
Lynchfort, SD 60675",1972-09-11,Port Aprilmouth
Tammy Brown,"PSC 0994, Box 7085
APO AA 61485",1974-07-05,Lake Brian
Taylor Price,"238 Woods Stream
North Sarah, OK 21386",1979-02-13,North Lisa
Samantha Lyons,"6863 Daniel Junctions
Benjaminberg, MI 78928",1984-08-05,Nicholsborough
Renee Ali,"36281 Adam Run
Anthonyside, MP 12865",1977-11-26,Kimberg
Sara Lawrence,"802 Sharon Skyway
Stephaniefort, MI 29549",2018-02-10,New Johnfort
Robert Hale,"597 Jason Gateway
Jamesburgh, ND 72787",2020-09-26,North Sara
Nichole Chaney,"544 Cook Canyon
Hansonburgh, MO 64180",1976-04-17,Ashleybury
Ashlee James,"4394 Ryan Extensions Apt. 926
Andersonfurt, WI 37665",1984-11-30,Vincentview
Dr. Bonnie Myers,"5900 Nancy Canyon
Jessicabury, OK 12524",1985-08-09,Lake Kaylaburgh
Lynn Castillo,"26220 Campos Underpass Suite 189
New Stephen, MA 23773",2002-02-17,Jamesview
Jason Thompson,"929 Wendy Forges Apt. 871
Troymouth, RI 38833",2003-02-08,Robertfurt
Danielle Santos,"665 Phelps Mill
Wrightbury, DC 33430",1974-11-18,Lake Antonio
Toni Butler,"240 Acosta Common Apt. 125
South Sherihaven, MN 82290",1992-05-17,South Kevinmouth
Jessica Massey,"747 Phillips Islands
Staceyburgh, CO 96915",2021-12-11,Ianhaven
Elizabeth Wallace,"0801 Dana Burgs
Taylorchester, MI 21662",2019-11-04,New Sean
Ana Burke,"5104 Grant Lock Apt. 443
Theresaview, PA 53210",1985-11-19,Morganbury
Michael Schneider,"PSC 4589, Box 2882
APO AE 27308",1986-02-16,Chadstad
Lisa Cochran,"506 David Avenue Apt. 872
Veronicaton, OR 44507",2008-07-28,Lake Amberland
Katherine Trujillo,"08304 Brown Lock Apt. 138
West Elizabethport, NY 97770",1986-09-11,East Jamesberg
Willie Washington,"PSC 6211, Box 6703
APO AE 09788",1988-03-10,East Alexander
John Scott,"9529 Martin Rapids
West Tina, MP 85420",1999-07-12,Joshuamouth
David Solis,"60133 Lisa Tunnel Apt. 370
South Aliciashire, PA 94836",1971-08-14,Danieltown
William Palmer,"420 Patricia Cliffs
Lisachester, NV 61755",1997-07-11,Port Laurenfurt
Lisa Ramsey,"07809 Caroline Land
North Brian, ID 57596",1988-02-09,Clarkshire
Rebecca Lawrence,"66194 Alexander Ports
Taylorchester, OK 73200",1977-11-02,South Sarah
Christopher Moore,"15603 Walker Loaf
East Tammy, NV 74005",2008-03-31,New Sherri
James Perkins,"856 Dominguez Green
New Gregory, ME 37541",2000-10-07,Benjaminville
Heidi Bell,"87966 Michael Manors
Vegabury, VT 16523",2011-11-30,Heatherfort
Amy Gonzales,"59641 Richard Points
North Monicaberg, KY 37309",1971-05-09,Tylerberg
Hannah Reyes,"171 Autumn Meadows
New Brandonberg, CT 32681",1994-11-22,West Henry
Frederick Pace,"3293 Eric Coves
Leebury, FL 88754",1971-03-10,West Johnathan
Mariah Holder,"30050 Becker Burg Apt. 544
Lake Brianmouth, IA 60435",1971-07-20,Port Jeanetteside
Glenn Mahoney,"72337 Melendez Ridge
Moodyland, KY 06623",2019-10-08,Lake Danielchester
Alexander Young,"890 Lauren Harbors Apt. 484
South Debra, DC 03947",2015-12-11,Wendyshire
Carly Cobb,"6519 Sabrina Manors
Andresside, MS 16136",1993-11-28,North Jasmine
William Collins,"79221 Hayes Dam
Bakerstad, MP 77812",1991-07-26,Lake Keithtown
Dylan Hickman,"6638 Paul Track
Virginiamouth, MA 04814",1981-06-26,East Robert
Robert Fuller,"76712 Timothy Pines Apt. 099
Lake Carol, AZ 98709",2006-11-06,North Ronald
David Fitzgerald,"24491 Holt Crescent
West Wesley, MS 94028",1974-06-23,East Morgan
Ryan Cox,"60964 Christine Cove
Reynoldsmouth, WY 83721",1984-06-10,Lake Jennifer
Luis Jackson,"4768 Brown Cove Suite 995
New Lauren, MH 81733",1983-02-17,Curtisberg
Melissa Sanders,"073 Cory Skyway
Youngtown, RI 72637",1976-08-09,Robyntown
Christopher Young,"56506 Devon Creek
Alyssaborough, KS 10120",1993-03-06,Myersfort
Paul Sparks,"USS Obrien
FPO AP 68471",1981-01-23,North Elizabethview
Tasha Brown,"8372 Russo Stravenue Apt. 887
Charlesstad, PW 82194",2001-08-26,Jacobbury
Pamela Jones,"536 Nicole Mews Apt. 064
East Williamport, NE 01976",2013-11-22,Davismouth
Brittany Maldonado,"671 Cynthia Junction
Steventown, VA 65087",1995-05-10,Port Mike
Ryan Green,"PSC 0867, Box 3318
APO AP 05128",1989-06-13,Wallacehaven
Brandi Taylor,"65283 Ferguson Forest
East Joshuaburgh, AR 55307",1979-10-22,West Neilfurt
Jennifer Fletcher,"USNV Conrad
FPO AP 65383",1983-01-04,Charlesland
Scott Taylor,"103 Smith Stravenue
South William, KS 18940",1982-12-26,Gwendolynstad
Nichole Kane,"03170 Angela Forks
Port Erichaven, MD 33791",1997-09-03,West Natalie
Melissa Garcia,"8838 Meghan Ramp
Justinmouth, NH 42758",1990-04-06,West John
Michael Harris,"1485 Jackson Row Apt. 667
New Willie, FM 25846",1983-10-28,East Elizabethfurt
Colleen Vega,"598 Jamie Fall Suite 995
North James, AK 40333",1992-07-30,Smithmouth
Justin Monroe,"34318 Cassie Plain
Rodneyfurt, PR 84307",1993-08-20,Lorraineview
Derek Boyer,"PSC 4288, Box 9021
APO AP 58659",1999-04-26,Nathanville
Anthony Smith,"318 Karla Courts
Adamsburgh, NM 77718",1980-06-22,New Shelly
Leslie Lee,"85734 Cameron Stravenue
North Linda, FL 53280",1997-01-01,Hillhaven
Tiffany Perez,"608 John Corner
Sharonshire, IN 23234",1986-09-20,West Veronicaside
Courtney West,"2476 Holt Summit Suite 937
Port Rodney, MN 30188",2009-12-15,North Sarahmouth
Eric Smith,"202 Rivera Island
East Isaacburgh, WY 54200",1984-07-02,Kevinborough
Benjamin Zuniga,"197 Megan Lakes
North Tony, GA 48855",2011-06-30,Garyville
Melissa Morris,"23342 Hannah Falls
East Devinmouth, MD 38931",2004-07-07,Michaelport
Alison Russell,"065 Bradley Wells Suite 083
New Emily, GA 97646",1980-02-10,East Sarah
Antonio Hartman,"477 Garrett Canyon Apt. 444
Carlosborough, NM 47270",1994-08-30,Millermouth
James Hill,"298 Foster Skyway Suite 692
Robinsonbury, AR 46160",1983-03-20,West Gary
Christine Oconnell,"5349 Craig Plaza Apt. 754
East Shawnville, OR 81187",1989-07-03,South Phillip
Maria Johnson,"951 Christy Wells
South Matthewfurt, TN 55455",2001-09-03,Lake Jason
Kristina Gonzales,"515 Chambers Ridge
Julianmouth, HI 05669",2002-02-02,Port William
Adam Washington,"940 Joyce Cove
Stevenside, IA 31119",1994-03-23,Moralesborough
David Foster,"3230 Kennedy Circle Apt. 850
Brentton, MA 31699",2001-09-01,Patrickfort
Stephanie Harrington,"1100 Leblanc Mission Apt. 427
West Ryanside, OH 09327",1990-07-11,Sanchezmouth
Timothy Garcia,"24250 Clark Spring
Floresport, AS 75683",1979-08-08,Barryton
Michelle Burton,"PSC 4291, Box 7480
APO AP 06395",1970-11-16,Port Jonathanside
Dennis Russell,"691 Patrick Crest
West Samantha, AS 76901",2003-04-15,North Sabrina
Debra Willis,"16006 Taylor Park Suite 883
Brownville, DE 02257",1972-01-19,New Dominiquefort
Heather Williams,"839 Harvey Walk Apt. 741
East Wesleyfurt, PA 93972",2012-12-03,Mayville
David Graham,"35021 Lewis Falls
Port Barbaraport, NM 84061",2005-10-17,Port Johnville
Katie Roberts,"33110 King Tunnel Apt. 665
Christophershire, CA 01471",1999-11-14,Cranefurt
Brittany Jones,"746 Brown Tunnel
Lake Randy, VA 56745",2009-04-25,Marthaton
Bobby Garza,"193 Benjamin Glen Suite 152
Silvamouth, AR 92206",2001-10-13,Port Alexisberg
Joseph Webb,"PSC 2864, Box 9274
APO AP 47090",1980-08-29,Johnville
Jessica Combs,"99214 Judy Gateway
Annland, IL 32329",2020-09-04,Coreyfort
Paul Page,"83055 Nicholas Mall
South Courtney, NC 13582",1995-07-24,South Shannon
David Strickland,"07962 Barker Prairie Apt. 988
West Christopher, WI 58392",2007-02-23,Lake Janetmouth
Lawrence Simmons,"697 Cline Port
Walterborough, NH 36178",1971-10-15,Torresview
Susan Sullivan PhD,"647 Michael Haven Apt. 386
Andreahaven, IL 98828",2017-04-25,New Daniellefurt
Steven Heath,"548 Jordan Wells
Taylormouth, DC 21433",1994-04-21,South Matthewbury
Michael Parsons,"37709 Walsh Trail
Wilkinsfurt, MA 22083",1987-11-08,Gonzalezland
Nicole Rodriguez,"8981 Rogers Streets Suite 836
South Janet, ND 49115",1987-04-12,North Jenniferchester
Joshua Mendez,"240 Roy Fords
Michaelfort, FL 30445",1986-12-04,North Sharon
James Blackwell,"Unit 5040 Box 9585
DPO AE 14246",2001-07-17,Lake Ruth
Mrs. Alexis Walker MD,"6126 George Turnpike Suite 080
Haneyhaven, VT 79286",1997-10-26,South Cesar
Katherine Dunlap,"949 Lawson Flats
East Mark, MN 40880",1996-08-17,Pattersonshire
Sheena Davis,"322 Rodriguez Port
Amymouth, VI 90993",1995-08-16,Atkinshaven
Timothy Powell,"508 Watkins Springs Suite 452
Jessetown, NM 11501",1971-12-07,Kleinburgh
Cheryl Rodriguez,"Unit 7860 Box 6825
DPO AP 64687",1999-10-14,South Crystal
Mark Anderson,"44822 Mark Mills
Port Garyborough, NE 16051",2021-12-18,Annaburgh
Melinda Burke,"814 Harris Fall Suite 020
New Kaitlyn, VI 94865",1997-06-24,Leeport
Jerry Lee,"644 Smith Walk Apt. 777
West Blake, DE 69359",1981-09-21,Nguyenshire
Kimberly Kelly,"610 Amanda Pass Suite 495
Christianberg, AS 46715",2020-01-10,Gomezmouth
Mark Gonzalez,"03788 Hamilton Inlet Suite 283
Lake Donaldstad, VT 20647",2000-05-29,West Brittany
Mrs. Mary Lin,"128 James Union Apt. 548
Tonifurt, MN 12763",1997-11-17,New Rodneyview
James Gomez,"Unit 4953 Box 2567
DPO AA 31050",2018-11-23,Gardnerstad
Patrick Allen,"USNS Lewis
FPO AE 18839",2019-07-29,Jenniferburgh
Christine Tran,"PSC 3923, Box 9139
APO AE 13694",2001-12-16,Port Cheryltown
Madison Warren,"449 Alisha Stream Apt. 312
Jayfurt, VT 72170",1978-06-24,North Alec
Heather Harris,"201 Aguilar Cliff
Lake Ashleyton, AL 52885",1976-02-12,New Stephanie
Andrew Gibbs,"5599 William Field
Sarastad, AZ 66831",2021-11-23,Williamsfort
Gary Gomez,"825 Carol Forks
Evelynfort, AR 24369",2016-08-30,Port Brandonview
April Morris,"3874 Joseph Brook Apt. 759
Brandonstad, CA 02700",2009-09-15,Stevenmouth
Emily Baker,"9808 Scott Mews Apt. 455
Josetown, AR 31823",1985-06-03,Dylanview
Caitlin Freeman,"2498 Nancy Corners
Wilsonmouth, MN 17698",1992-08-26,Mercermouth
Jennifer Hancock,"44715 Long Vista Apt. 824
Port Staceymouth, LA 02332",2016-06-05,East Melissaport
Michael Zuniga,"101 Thomas Islands Suite 760
South Kimberlyburgh, MH 50328",2019-06-25,Phelpsview
Rebecca Flores,"10302 Rasmussen Circle Suite 420
Port Johnshire, FL 63107",2002-11-18,New Benjamin
Don Brown,"39737 Linda Forges
New Catherinechester, MT 11058",2007-11-16,South Danachester
Scott Bright,"807 Perez Terrace
Port Cheryltown, NY 81785",1972-11-11,Curtistown
Heather Franco,"697 Rivera Highway
Smithfurt, SC 77950",2012-03-09,South Thomasstad
Christine Harrell,"10006 Zachary Run
Amberport, MT 04760",2018-08-04,Tiffanyburgh
Joshua Sharp,"900 Clark Skyway
Brendamouth, NV 91925",1983-08-30,Lake Mitchellberg
Eric Gentry,"283 Lauren Ridge
Dickersonborough, NV 75017",2003-08-05,Kaitlinchester
Jessica Rodriguez,"40353 Perry Common
Davidshire, FM 88050",1987-04-19,Kristinmouth
Trevor Martinez,"201 Johnson Shoals
Alexandraview, CO 03750",1971-02-28,Singhmouth
Karen Lyons,"56867 Danny Plain Apt. 975
Gregoryberg, NH 65613",2016-03-18,Harrisstad
John Oneill,"77910 Marshall Spring Apt. 889
Lake Wesleyfort, GU 50855",1984-07-21,North Alicia
Carla Skinner,"7264 Thomas Light Suite 943
Crystalburgh, WY 62052",2003-02-06,Port Kathleen
Benjamin Perry,"483 Lopez Coves
Jeffport, FL 58658",1996-02-09,West Sarahfort
Tammy Brown,"796 Valerie Plains
Michaelview, FL 13524",2022-03-11,Lake Bailey
Glenn Weaver,"4774 Carla Shoals
North Debbieton, TN 65679",2003-10-19,North Erinfurt
Luis Alvarez,"50715 Vargas Fords
Jacksonland, AL 71817",1990-12-15,Smithtown
Stephanie Solomon,"PSC 2406, Box 0798
APO AE 64738",2021-03-17,Mendezport
Karen Banks,"5027 Rebecca Prairie Suite 827
Parkerberg, AL 02909",1982-09-27,Port Jacobmouth
Kevin Garcia MD,"1512 Herrera Green
Yorkshire, VI 96925",1985-04-04,North Seanberg
Susan Alvarado,"USNV Mccann
FPO AA 55893",1988-02-04,Lake Marymouth
Diane Cox,"1167 Brown Orchard Suite 884
South Henrymouth, MN 58355",1994-02-02,Amymouth
Kelsey Butler,"Unit 6387 Box 4165
DPO AA 21268",1992-08-27,Taylorfort
Mr. Robert Hall,"0098 Mcgrath Field
North Deborahfurt, GU 01788",1994-09-29,West Christina
David Barker,"1841 Chavez Pass
Brittanyberg, VA 70080",1972-12-05,New Jessica
Susan Carpenter,"87791 Michael Canyon
Stevensonton, DC 83043",2020-06-06,Lisaborough
Michael Gilbert,"876 Holmes Ports
North Cheyennechester, WI 49998",1975-08-21,Hudsontown
Keith Butler,"052 Martinez Lock
Lake Roger, GU 39830",1971-01-30,East Leslie
Linda Clark,"224 Freeman Islands
Cherylchester, TN 42987",1993-06-19,Lake Adrianaborough
Sharon Mack,"599 Melanie Way Apt. 606
Maynardburgh, AS 10582",2001-10-30,West Zoe
Michael Mullins,"50953 Rubio Alley Suite 039
Austinhaven, SC 80670",1986-08-21,Port Juliaberg
Sara Ray,"372 Rachel Run Suite 701
Jamesfurt, CO 74230",1989-04-23,New Jason
Kathleen Berg,"6940 Frazier Valleys
Port Doris, OK 17358",1981-02-18,East Jessica
Casey Adams,"40495 Rodriguez Trace
Charlesshire, ID 75789",1990-03-24,Thomasborough
James Owens,"92156 Bauer Plains
Williamschester, ID 46834",1988-03-24,Wangview
Jonathan Davis,"209 Eric Greens Suite 464
Martinezfurt, PW 49070",1974-03-11,Gibbsfort
Matthew Simmons,"833 Patton Spurs Suite 897
Port John, NJ 68337",1975-09-21,Lisamouth
Dean Smith,"PSC 2958, Box 0295
APO AE 89929",1986-07-30,Lake Jillianport
Michael Rice,"71746 Rose Ways Apt. 993
Lake Brendaside, SD 65148",2011-10-21,Guzmanstad
Angela Martinez,"86792 Wanda Landing
Port Joseph, CO 91987",1996-09-21,West Franciscoville
Paul Robbins,"84538 Jonathan Knolls Apt. 928
New Nicole, IL 58479",2020-06-10,Jefferystad
Eric Day,"5466 Taylor Isle Apt. 709
Gomezhaven, CT 92474",2021-10-10,Williamsview
Tiffany Payne,"192 Jack Bridge Suite 030
Port Tinaville, MN 06455",2019-04-16,Peterborough
Jonathan Nelson,"712 Todd Square Suite 355
Garyfurt, VI 91521",1973-03-05,Porterfurt
Amy Tucker,"652 Miles Ramp Suite 113
South Christianshire, IL 28310",1977-03-14,Christopherstad
Diane Mcfarland,"273 Sue Path Suite 260
Port Markmouth, AL 59065",1970-01-02,West Connie
Gabrielle Ponce,"877 Lisa Square
Port Adrienne, MI 58139",1977-04-14,Theresachester
Kimberly Ortiz,"0826 Sara Mount
Christinatown, HI 90551",2022-03-25,Donnamouth
Jason Lee,"PSC 3617, Box 8573
APO AE 81246",1990-09-08,West Amymouth
Nicole Garcia,"951 Dana Avenue
Henrytown, MT 74002",2018-09-02,Aaronton
Sheryl Friedman,"11830 Kim Ferry Apt. 066
Daltonside, DC 86509",1994-08-05,South Vincentburgh
Sara Tyler,"903 Karen Gateway Apt. 160
South Matthew, SC 70164",1988-04-11,Nicolechester
William Moran,"99263 Robert Rue Suite 860
South Melody, AR 01272",1976-11-03,Port Anthonyside
Brittany Beasley,"6814 Michael Alley Apt. 890
Caseyton, GU 26965",1996-06-30,Josephfurt
Carol Nelson,"98412 John Lodge Suite 362
South Saraton, WY 37103",2000-09-03,Drewshire
Jose Moore,"7871 Evans Parkways Suite 996
South Amberhaven, LA 21836",2015-06-28,North Angela
Shannon Holland,"Unit 7314 Box 8371
DPO AE 91464",2009-03-12,South Aprilside
Jacob Church,"03611 Chase Drive
New Kevinton, PR 68153",1974-06-07,Osborneland
Gabriel Saunders,"455 Huffman Rapid
Robertport, KS 15375",2015-09-28,Jamieville
Hunter Russell,"45717 Montgomery Creek
North Rogershire, WI 06604",1970-04-16,North Lisamouth
Claudia Kim,"929 Daniel View Suite 063
West Edgarburgh, RI 16767",1975-05-05,Staceyburgh
Lisa Duncan,"56596 Jessica Lodge Apt. 441
Atkinsonville, MS 16979",2009-08-11,Markside
Rachel Hernandez,"21433 Lozano Point Suite 956
East Angelhaven, NY 91107",2006-09-11,Olsonmouth
Dennis Dixon,"379 Kevin Lock Apt. 076
Jonathanside, NM 60928",1989-01-21,Emilyhaven
Margaret Smith,"325 Jackson Fall Suite 694
East Warrenborough, NC 62220",2004-03-15,Parkermouth
Nicole Perez,"2974 Campos Vista Apt. 441
East Justinburgh, CO 65713",1985-11-30,Larashire
Christine Macias,"20089 Alexa Islands Suite 874
New Williamside, NY 23264",1992-09-20,New Alicia
Levi Taylor,"01209 Kaitlyn Vista Apt. 037
South Kevin, AL 72195",2012-08-26,Geraldstad
Julia Lopez,"7001 Jonathan Common Apt. 300
East Sherylhaven, TN 47052",1999-02-14,Bergerville
Margaret Young,"0965 Amanda Rest
South Keith, AZ 24331",1976-01-31,East Beverly
Jennifer Pace,"2215 Donald Forks Suite 097
West William, MO 10380",1999-12-19,Orrhaven
Breanna Ayala,"825 Misty Viaduct
Deborahbury, HI 11095",2008-12-15,New Anna
Karen Rivas,"0450 Rebecca Avenue Suite 487
Michaelberg, NY 43486",2022-06-16,West Jennifermouth
Kelly Griffin,"8781 Washington Estates Suite 965
East Christopher, AS 62364",2020-10-07,Parkerport
Jennifer Ball,"10594 Terry Forges Suite 456
North Scotttown, LA 86766",2016-10-15,South Tiffanyport
Alyssa Becker,"58837 Dale Cape Apt. 296
New Janice, OK 22517",2000-07-28,Adamport
Brandon Mckinney,"39203 Michael Lights Suite 523
East Josephborough, FM 14694",1990-06-14,Atkinsonmouth
Cameron Oneill,"1472 Julia Flats Suite 621
Smithfort, MH 84543",1986-04-28,Billychester
Anna Buchanan,"192 Hamilton Ranch Apt. 185
Fuentesshire, NC 37273",1980-09-07,Burtonberg
Jordan Lee,"40672 Rodriguez Fords
Dustinview, VA 16458",2017-08-03,Larryland
Tyler Mitchell,"489 Maurice Island Apt. 053
Vaughanberg, RI 62294",1975-09-11,Garciabury
Kristin Walsh PhD,"6670 Patel Field Suite 540
South Amanda, ND 58757",1974-06-26,Baileyfurt
Christopher Morgan,"5781 Meagan Island
East Victoriaborough, CO 80645",1989-02-05,Ashleystad
Julie Thompson,"9072 Avery Path
West Stephenberg, NH 28268",1992-11-03,Rosston
Thomas Dennis,"98965 Kimberly Coves
Gilbertshire, OR 78063",1979-07-06,Anthonyhaven
Brenda Bauer,"79598 Douglas Highway
West Christinahaven, WA 73924",2020-06-23,Chapmanfurt
Alice White,"2122 Watson Road Apt. 471
Port Natalie, KS 09694",2021-12-05,Millershire
Travis Fritz,"748 Tony Junctions Suite 199
Rachelland, GA 26486",1985-12-01,Anthonymouth
Ashley Martinez,"54662 Madden Ranch Suite 834
North Karen, FM 16481",1996-10-25,Hughesland
Jillian Campbell,"9874 Ricardo Way
Kellerport, IL 15009",2010-01-18,Tracyside
Eugene Townsend,"PSC 6922, Box 0855
APO AE 09193",2001-10-06,East Gregory
Justin Johnston,"Unit 6371 Box 1378
DPO AP 64186",2015-05-07,Normanhaven
Anna Pollard,"8104 Pena Plaza
Anthonyville, FM 04714",1985-02-26,West Lawrenceberg
Stephanie Butler,"260 Kurt Run
Colefort, IN 91576",2012-12-28,Lake Joyceside
Jackson Phillips,"56112 Ruben Mountains Apt. 323
East Williamside, TN 80146",1975-09-06,Longton
Clinton Jackson,"USS Perez
FPO AA 64600",2008-09-05,North Pamela
Jason Myers,"6204 Byrd Plains
Toddmouth, MO 76800",2001-08-11,West Abigailfurt
Blake Howell,"628 Austin Knolls Suite 838
Johnathanmouth, DC 67340",2012-05-06,East Jenniferfort
Lynn Duncan,"631 Leonard Fort Suite 627
Bradside, TX 48064",2023-01-27,Port Susanville
Cynthia Williams,"962 Randy Mews Suite 058
East Gregton, PW 66531",1991-01-05,Lyonsfort
Matthew Haley,"90743 Kyle Ramp Apt. 978
New Jacquelineview, WA 10839",1985-01-03,Fosterchester
Dana Martin,"661 Sandoval Estate
Angelaport, NE 94860",1972-11-01,Debbieville
Jeremy Frazier,"76361 Wendy Divide
Jonesshire, RI 60474",1978-10-04,West Raymond
Alejandra Cook,"06007 Megan Shoal Apt. 140
Davidside, WI 46937",1972-05-14,Bryantland
Samantha Davis,"01513 Campbell Trail
Matthewborough, SD 10728",2021-10-18,Port Frankburgh
Mandy Brown,"24647 Allen Spurs Suite 281
Charleston, VA 10146",2010-04-23,West Amanda
Michael Turner,"3075 Williams Street Suite 546
Cynthiamouth, RI 29849",1995-08-24,Port Dustinshire
Nathan Patton,"53508 Olson Fort Suite 289
West Kariland, NJ 46453",2013-11-14,East Marychester
Benjamin Shea,"USNS Campbell
FPO AE 72795",2004-06-11,Sarahville
Hunter Moreno,"09429 Melissa Track
Nathanfurt, MN 22056",1986-11-13,Singhfort
Joshua Jones,"3456 Martin Crossroad
Bradyport, MI 17905",1974-12-03,Port Codytown
Jonathan Hoffman,"PSC 5953, Box 0429
APO AA 45161",2010-07-31,Tuckerbury
Becky Martinez,"820 Hooper Islands
Port Erin, ID 72430",1970-12-09,Bethside
Barry Reynolds,"508 Karen Lock Suite 977
North Dawntown, KY 89580",1994-10-18,Port Kaylaview
Robert Wilson,"6979 Paul Crescent Apt. 810
West Deborah, NE 43224",1993-07-19,West Ryanfort
Steven Ortiz,"36887 Chase Hill
Contrerasmouth, NE 69716",1998-05-15,Thomashaven
Mark Snyder,"USS Cain
FPO AA 87499",2003-01-30,Allenberg
Rebecca Mcknight,"474 Adam Flats
Lisaville, AS 30086",1986-04-24,Adamfurt
Michelle Cuevas,"17902 Bonnie Points
Port Amandaville, CO 90200",2007-07-24,Blackburnport
Henry Mendez,"23658 Joshua Dam Apt. 088
Bellport, FM 04105",1984-12-03,New Shelbyland
Taylor Bullock,"90280 John Dale Suite 121
Alexstad, CT 26588",1998-06-14,Port Carol
Kenneth Finley,"1613 Bradley Grove Suite 226
Jenniferside, MO 65228",2000-06-06,Alyssaport
Anna Scott,"7295 Molly Trail
Tiffanyfurt, IN 84131",2010-09-30,Lake Shannonberg
Michael Mullins,"1958 Matthew Drive Suite 902
Kevinshire, OR 72573",1978-02-26,Sarahstad
Theresa Black,"7576 Joe Meadows Suite 885
Evansland, IN 16960",1971-01-06,Edwardton
Stephanie Wright,"82509 Anthony Street
North Lisa, IL 96352",2018-10-12,Kingstad
Kathleen Gardner,"PSC 6284, Box 0827
APO AP 09569",1996-01-05,Beverlyfurt
Michelle Frye,"Unit 4774 Box 2449
DPO AA 23108",2002-06-13,Hunterchester
Erin Carter,"12615 Church Prairie Suite 314
North Brettborough, AS 01843",1989-05-25,Mathewsbury
Michael Smith,"483 Sarah Plain
Sarahfort, NH 47265",2007-09-30,Eugeneton
Eric Galvan,"894 Galloway Ranch Suite 426
Frankview, MN 71581",1973-03-25,South Heatherberg
Charles Kaiser,"1200 Graham Bypass
Lake Joshuafort, KS 70680",2008-04-09,Harrisville
John Harris,"82744 Kristin Spurs Apt. 534
North Keith, PW 95117",2022-09-25,Johnsonstad
Lori Cook,"00909 Wood Manors
Jenniferborough, OK 59094",2009-10-12,Port Joshua
Antonio Woods,"231 Smith Club
North Bryceton, HI 12188",2010-05-01,Port Ginaberg
Teresa Carroll,"800 Butler Stream Apt. 264
New Jorge, AR 46587",1990-07-04,Berryview
Cory Collins,"46112 Chad Ports
Stevensshire, CT 77428",1989-07-24,Angelaport
Ann Bryant,"USNV Serrano
FPO AE 76829",2006-10-02,Youngchester
Michael Higgins,"PSC 1049, Box 4843
APO AE 45098",2002-08-29,Port Williamview
Chelsea Martinez,"056 Hernandez Prairie Apt. 211
Lestermouth, MA 86529",1973-06-05,Amberhaven
Abigail Foster,"PSC 5567, Box 5825
APO AP 77893",1972-01-09,North Charleshaven
David Steele,"3171 Kelly Inlet Apt. 937
Brownview, VI 14036",1988-04-06,Andersonview
Kelly Brooks,"112 Emily Pass Suite 622
Gloverview, WY 81769",1970-05-23,New Joel
Melody Chang,"3383 Gary Spur Suite 852
New Bradley, VA 65388",2015-04-05,Thomasberg
Richard Newman,"986 Jacob Bypass
Reyesville, SC 91657",1972-06-27,Williamsstad
Sophia Henderson,"2021 Carter Landing Apt. 798
Erinfurt, MD 80779",1997-09-22,West Jenniferside
Erik Craig,"46991 Molina Points
Adamhaven, MS 50040",1973-07-29,Taraland
Kimberly Charles,"Unit 0299 Box 7346
DPO AP 12393",1973-07-15,Jessicamouth
Patricia Banks,"4317 Hicks Stravenue Apt. 145
Jaredmouth, ME 09517",1982-05-27,South Victoria
Pamela Keller,"109 Fuentes Brook Apt. 387
Calvinburgh, AZ 60856",1993-11-06,Dennisbury
Christopher Williams,"02498 Samuel Junction Apt. 257
Hillchester, TN 41141",2004-11-04,Lake Jamestown
Tammy Gonzalez,"6688 Patrick Parkway Suite 573
East Mark, CA 19713",2010-03-09,West Terrybury
Charles Simmons,"USNS Harris
FPO AP 62659",1974-11-13,Port Charlesfurt
Bradley Beck,"310 Wheeler Manors
North William, NE 49420",1974-04-25,Wintershaven
Christopher Riley,"5748 Caitlin Walk
New Kimberlystad, TN 06274",2022-08-29,Lake Sandra
Victoria May,"81570 Anthony Run
Port Brianfort, MI 75136",1980-04-26,Cherylton
Ronald Stewart,"880 Mallory Mountains
Flynnland, PW 74345",1973-07-04,South Jenniferport
Lauren Steele,"PSC 8289, Box 4090
APO AA 97033",1973-02-26,Port Shelia
Matthew Romero,"995 Carlson Glens Suite 250
South Destiny, VT 89835",2008-05-29,Lake Nathanchester
Christopher Davis,"2681 Thomas Ville Apt. 983
Williamshaven, AS 42216",1999-10-29,Martinezmouth
Heather Mack DDS,"11094 Mcguire Forest
Sheaberg, TN 66682",1985-02-26,South Emilystad
Eddie Harris,"2194 Keith Court
North Faithtown, ND 34488",1999-03-19,North Richard
Jessica Taylor,"04424 Kevin Lock Suite 349
Timothychester, NH 47755",2014-09-19,Anthonyberg
Denise Martin,"306 Saunders Camp Apt. 724
Anitaburgh, MD 35853",1978-04-05,Morganland
Eric Hogan,"337 Kayla Stream
Lake Marvinchester, MT 95334",1997-07-28,New Travishaven
Jennifer Figueroa,"7554 Nicole Pass
Andrewsview, RI 95136",1994-03-12,Lake Victortown
Antonio Smith,"1157 Russell Pines
Brittanytown, NY 53640",2008-03-21,New Markburgh
Matthew Hoffman,"77525 Thomas Camp
South Jeremyborough, AK 73712",1988-10-13,Lake Steven
Harry Palmer,"USS Chan
FPO AA 72721",2012-11-26,South Bradley
Jennifer Ruiz,"72160 Moore Village Suite 936
South Kayla, WA 52825",1979-07-08,Staffordfurt
Felicia Klein,"47688 Miller Pine Apt. 296
East Johntown, PR 10204",2016-03-05,East Brianfort
Daniel Price,"805 Rios Skyway Suite 134
Port Kellymouth, OR 39343",1974-09-13,South Elizabeth
Erika Carrillo,"Unit 4637 Box 6940
DPO AA 96923",1981-03-14,Krystalside
Taylor Good,"8942 Alec Camp Apt. 433
Schmittside, HI 95153",1984-09-08,East Susan
Michael Jones,"USNS Walton
FPO AA 00732",1996-02-03,Jonesstad
Suzanne Williams,"6001 Reginald Causeway
Evansbury, GA 72923",2010-06-24,Spencestad
Jennifer Bell,"63189 Olson Lights
Lake Donald, VT 05556",1974-09-19,Rodneyside
Kristen Knight MD,"54571 Deborah Motorway Suite 433
East Jorgefurt, NM 69364",1974-04-21,Port Christina
Brittney Brock,"001 Duncan Port Suite 436
Jacksonville, UT 59722",1980-04-16,New Thomas
Jason Mills,"772 Richard Row
Lake Tanner, UT 10663",2003-05-06,New Nicholasside
Erin Potter,"21655 Andre Knoll
Port John, VT 98410",1996-05-03,Deborahport
Carolyn Jacobs,"0417 Annette Trail Suite 633
Suttonside, KY 61892",2003-12-10,South Lesliestad
Justin Lewis,"297 Andrew Heights
Hernandezfort, AZ 89625",2010-02-24,Moralesfort
Craig Banks,"059 Brown Street
South Amanda, CO 81981",1971-07-21,Danielleville
Jake Bailey,"63957 Scott Extension
New Williamfurt, ND 10981",2007-07-11,Mcmillanmouth
Matthew Logan,"25561 Stephanie Ridges
East Christopher, PA 95253",2019-04-29,Russellbury
James Martin,"891 Wang Lane Suite 254
Lopezstad, UT 45114",2009-07-16,South Victoriashire
Jessica Burns,"082 Jesse Prairie Suite 942
New Crystalton, MD 79088",1979-09-17,West Patrickton
Clinton Taylor,"1918 Garrett Branch Suite 587
Pierceshire, NC 45486",1971-12-09,Lake Jamie
Miguel Long,"936 Timothy Fords Apt. 151
Zunigaview, AK 25707",1975-03-01,Port Joshua
Miguel Cox,"034 Michael Locks
Douglasside, OK 80584",2010-01-20,New Aaron
Michael Perez,"3165 Shelia Station Apt. 156
Brandonberg, IL 67485",2003-05-07,East Alyssaview
Danielle Wise,"806 Timothy Courts
Larrymouth, MD 47944",2020-10-22,South Heidiburgh
Brian Mckinney,"9827 Ebony Valley Apt. 564
Floydfort, PA 09755",1983-02-10,Kathyborough
Eric Price,"7803 Bolton Extensions Apt. 218
Alexanderchester, DC 08011",2011-03-03,Port James
Donald Bautista,"422 Nancy Drives Apt. 056
East Dale, NV 65681",2012-12-04,Deborahberg
Jasmine Diaz,"6108 Aaron Bridge
Davisfort, SD 05064",2012-01-05,Fryeville
Michael Walker,"438 Michael Port Apt. 580
Lake Maxwellhaven, WV 68310",1998-06-04,Christopherstad
Andrew Wright,"33375 Williams Shores
Byrdchester, PA 20831",1985-02-26,Porterbury
Mark Mccormick,"7722 Walter Extension
North Joshuaside, CT 43551",1984-08-25,Port Anthonytown
Lawrence Fisher,"6126 Alyssa Springs Apt. 368
West Deanna, CO 17960",1973-10-11,Jasonview
Heather Gregory,"513 Jonathan Plain Apt. 437
Port Benjaminhaven, NH 85724",1999-09-24,Martinshire
Joshua Jenkins,"PSC 7543, Box 8726
APO AA 54989",1980-07-21,Pughmouth
Patrick Cook,"PSC 7612, Box 3858
APO AE 81121",2001-10-23,Port Margaret
Gregory Arias,"68546 Mary Lodge Apt. 192
Branchberg, PR 66826",2000-07-02,Port William
Manuel Evans,"25139 Daniel Locks Suite 530
New Jamiemouth, KS 88545",1999-08-23,Michaelside
Amy Alvarado,"09859 Ann Hill
North David, PA 04697",2010-02-18,Simmonsstad
Erin Malone,"6081 Andrew Greens Suite 149
North Johnathan, MT 85470",2016-12-02,South Jose
Kaitlyn Andrade,"2953 Natalie Spur
East Johnville, ID 03455",2014-08-15,North Kennethhaven
Jacqueline Winters,"65964 James Knolls
Ashleyfort, MI 03166",2018-03-26,North Ericton
Joseph Thomas,"859 Powers Field
Davenportstad, ME 68695",2008-04-01,Helenview
Johnathan Smith,"319 Anthony Plains
Brownfurt, NC 72232",2013-02-10,Jonesville
Lindsay Lee,"2895 James Haven
Carolmouth, FL 31829",1976-02-25,Sandraberg
Dr. Vanessa Smith,"84864 Robert View
Murrayton, TX 89685",1980-11-09,Lake Ashley
Keith Martinez,"360 Kari Burg Suite 214
West Leroyberg, LA 13725",1979-09-15,Gwendolynberg
Joseph Gonzales,"182 Banks Lodge Apt. 855
Hughesstad, FL 80818",2005-02-06,West Jamesborough
David Martinez,"12364 Christine Cliffs Apt. 528
Williamsville, GA 31771",2018-10-04,Kathrynberg
Mark Dunlap,"3684 Rogers Square
East Douglas, AK 70015",1988-04-17,East Lauraberg
Patricia Bradley,"1300 Gabriela Dale
New Jenniferborough, NV 93489",1985-03-09,New Corey
Bradley Wilkinson,"2462 Olivia Plaza Suite 862
Robertfort, AZ 85326",1977-11-29,North Mariah
Vicki Matthews,"75852 Eric Corners
Natashaborough, NY 94626",1999-08-15,Tracyborough
Aaron Cruz DVM,"2385 Heidi Island Apt. 209
Smithshire, NH 57084",1990-07-07,East Stacey
Lynn King,"5502 Jim Terrace Apt. 393
East Michael, UT 60065",1994-12-16,Jamesside
Faith Moore,"195 Calvin Hollow
Townsendport, MH 66802",1991-03-13,Heatherburgh
Taylor Martin,"0951 Wright Harbors Apt. 454
East Jeffrey, FL 92717",2005-12-15,Ryanfurt
Dr. Megan Trujillo,"7394 Kevin Prairie
West Amberchester, VT 47920",1997-08-29,South Johnside
Stephanie Reyes,"630 Kathleen Plains Suite 234
Russoland, AR 17268",1981-04-02,Harrismouth
Melissa Fleming,"72574 Norris Mountain
Simpsonborough, RI 18290",1981-12-13,North Debbie
Kyle May,"87222 Clarke Shores Apt. 636
New Mollyfurt, GU 24023",2014-05-03,New Davidshire
Eric Reynolds,"647 Sullivan Isle Suite 663
Ericbury, HI 61297",1986-10-21,Gonzalesside
Robin Jones,"0800 Marcus Road Suite 590
East Tracymouth, NH 68397",1980-03-31,South Johnville
Tammy Parks,"2482 Thompson Mountain Apt. 856
Lake Bryceville, NH 92518",2010-09-28,Samanthafort
Sylvia Walsh,"Unit 3422 Box 4329
DPO AP 92891",2007-03-18,Lake Leslieshire
Joshua Pacheco,"USNV Cobb
FPO AE 36754",2018-01-10,Frankborough
John Morgan,"Unit 5958 Box 8744
DPO AA 89273",2006-05-03,New Vanessa
Nina Johnson,"21519 Estes Isle
Millerland, MS 22143",1998-05-23,East Rhonda
Kaitlyn Sandoval,"1993 Morales Gateway
Lake Michelleburgh, KY 88970",1995-06-17,South Aprilhaven
Dr. Tamara Franklin,"0055 Cameron Mount
Harrisontown, AZ 75298",1982-03-18,Thomasport
Greg Clark,"803 Mark Prairie Suite 813
Port Robert, MH 28196",2007-11-05,Port Amy
Kimberly Patel,"4033 Kemp Ramp
Port Jessica, VA 78646",2003-10-21,Andrewfort
Terrance Brown,"5187 Katrina Loop Suite 911
Port Ashleyshire, MH 14304",1984-12-07,South Darrellfurt
Dawn Gardner,"25794 Moreno Views
North Andre, NY 78522",2016-11-14,Lake Robertmouth
Jeremy Cruz,"354 Jason Throughway
Port Marcusberg, MN 72485",2009-11-21,Nancyborough
Jessica Wright,"525 Swanson Springs
North Michelleberg, KS 13691",1984-12-26,Lake Stacy
James Oliver,"51093 Lisa Flats Apt. 469
Theresaton, FL 80083",2009-10-10,Peterberg
Mr. Allen Hopkins,"2325 Campbell Divide Apt. 636
Nealside, OK 38833",1997-03-29,North Benjamin
Scott Hodges,"616 Bradford Light
Johnsonfort, CO 46814",2013-12-18,Port Sethland
Johnny Jones,"197 Julia Spur Apt. 280
South Kevinmouth, CA 11026",2006-02-14,Kingberg
Kristopher Harvey,"PSC 7310, Box 3093
APO AE 28773",2020-08-20,Lake Todd
Robert Stone,"PSC 0806, Box 0029
APO AA 74598",2010-02-28,Normantown
Leslie Thompson,"5695 Lewis Burg Suite 355
Johnside, WI 04862",2012-11-17,West Stephanieville
Kevin Berry,"558 Maria Harbors
North Matthew, PW 08066",1998-11-12,West Douglaschester
Beth Fisher,"155 Victoria Mews Suite 804
North Sydney, OR 78055",1977-03-08,Sarahshire
Brooke Martin,"239 Sara Bypass Apt. 912
Port Bryanberg, NH 85365",1982-09-29,Colonfurt
Tommy Woods,"21301 Johnson Parkways
North Shannonview, AR 70896",2022-03-02,Jacquelinemouth
Matthew Castillo,"41424 Bradley Course
West Danielland, MN 94011",1991-09-08,West Dakota
Lisa Flores,"USS Meyers
FPO AP 40102",1990-09-10,Jordanbury
Michael James,"Unit 4135 Box 2402
DPO AA 21530",2002-06-06,Myersland
Kevin Bates,"624 Kelley Shoals Suite 081
Brownport, MP 99672",1972-11-10,Murphyshire
Veronica Smith,"3370 Perry Creek Apt. 376
Burkestad, NE 52497",2008-06-13,South Rachelbury
Andrew Clark,"37478 Hunt Mountains Apt. 112
South Christina, AZ 25890",1987-10-24,Robinfort
Betty Patrick,"1461 Lauren Courts Apt. 653
New Melissa, WY 54976",2009-09-16,Port Robertfurt
Laura Crosby,"91224 Travis Fields Suite 314
Austinland, CT 44603",1980-05-09,East Alexander
Frank Ryan,"09877 Robinson Greens
Hughesmouth, RI 94986",1973-03-13,Maryfort
Regina Velasquez,"11624 Cuevas Estate
East Tanner, KS 14789",2001-02-19,Port Amy
William Martinez,"297 Parsons Bridge Suite 174
Schmidthaven, PR 69394",1993-10-12,Huberside
Laura Adams,"414 Gonzalez Lights
Port Deborah, ME 35897",1991-01-23,Port Michaelton
Angel Thompson,"09083 Kenneth Road Suite 742
Port Davidview, NC 03098",2010-05-14,East Raymondland
Nancy Anderson,"285 Christensen Bypass
West Davidfort, NY 86679",1995-07-04,Sandersside
Barbara Cook,"1515 Crawford Island
Kimberlyland, GA 82270",1985-01-24,Roberttown
Lauren Gallagher,"45417 Moody Haven Suite 109
Hortonton, GA 98741",1996-12-15,Marissaview
Roberto Kelly,"277 James Harbors
Brendamouth, VT 34640",1973-11-08,Hillland
Ashley Jenkins,"335 Sharon Crescent
Port Lindafurt, WA 72727",2018-04-19,Anashire
Jonathan Gray,"8602 Richard Fields
Leechester, RI 04304",2003-06-21,New Rodney
Miss Kathleen Taylor,"6471 Kyle Islands Apt. 689
Whiteville, VT 51856",2004-01-03,Beckshire
Samuel Bonilla,"116 Paula Forges
Lake Christopherfurt, MN 78039",1994-04-09,Quinnview
Ashley Moore,"Unit 5109 Box 0667
DPO AA 53180",1996-01-02,South Danielview
Lindsey Smith,"8449 Brenda Rest
Aaronmouth, SD 46005",1989-10-06,West Larryview
Austin Vincent,"47020 David Crossroad
Morganshire, PW 86417",2005-09-07,South Michellehaven
Henry Peters,"Unit 4716 Box 0060
DPO AA 79917",1995-11-04,North Jamesbury
Heather Holloway,"6090 Juarez Ports
North Williamburgh, WA 16324",2012-05-06,East Samanthaton
Mr. Evan Dawson,"11114 Owens Mission Apt. 180
Reidberg, ND 72992",2004-04-24,New Rebeccafort
Patrick Mullins,"271 Patrick Trace Suite 893
Lutztown, NH 15207",2000-01-07,Reedhaven
Jennifer Reese,"44181 Phillips Turnpike Suite 795
East Laurachester, ND 30473",1975-11-21,Matthewshire
William Hancock,"82382 Cole Circle
East Cynthia, AL 49328",1993-04-24,Johnsonport
Monique Smith,"068 Brown Cove
Douglasbury, FL 18723",2003-02-19,North Candice
Cory Herman,"334 Dustin Drives Suite 042
New Mark, OK 25308",2013-04-14,Martinside
Belinda Chandler,"7219 Smith Plains Suite 583
North Haroldville, GU 36929",2000-03-02,Wilsonburgh
Janet Mcgee,"Unit 2663 Box 3101
DPO AE 88029",1971-03-30,Haydenfurt
Mrs. Kelly Sosa,"30566 Adriana Mission Apt. 289
New Theresashire, AS 70344",2001-12-02,Scottstad
Mr. Adrian Flores MD,"523 Sanchez Plaza
Masonview, PR 87312",1998-10-26,West Brentfurt
Paul Jimenez,"04530 Carly Lane Suite 714
Campbellfurt, NC 80462",1981-03-17,Loriborough
Mary Delacruz,"038 John Route
Melissaview, VA 44321",2005-09-26,Patelfort
Shawn Freeman,"1786 Rodriguez Fort
Barrettland, HI 52015",1993-02-11,East Garrett
Douglas Stout,"02729 Devon Route
Lake Edward, WA 66788",2013-05-04,Tamarashire
Jamie King,"050 Mark Center Suite 993
Lake Caitlin, AS 39796",1972-05-22,Youngtown
Robin Townsend,"740 Kelly Fords Apt. 193
North Amyview, VA 20845",2015-07-26,Toddview
Nathaniel Marks,"3858 Richard Mount
Clarkfurt, GA 85274",1977-10-28,Lake Charlesborough
Mr. Brandon Flores,"922 Johnson Forge Apt. 347
New Nicholastown, CT 05408",1975-02-03,South Mark
Ashley Gregory,"PSC 1348, Box 1296
APO AE 09539",1990-05-22,New Zachary
Troy Williams,"61096 Jessica Rapid Apt. 671
Mooreberg, SC 59047",1978-01-25,Murphyfurt
Tiffany Brock,"432 Mcintosh Knolls Apt. 047
Wilsonberg, GU 37990",2010-08-08,New Ashley
Scott Rivera,"3781 Nathaniel Greens Apt. 805
East Yvette, KS 24290",1974-08-31,Lake Donna
Stephanie Rubio,"1566 Andrade Court
West Jamieside, ND 34542",1970-12-25,North Henry
George Donovan MD,"PSC 7702, Box 1080
APO AA 70515",2007-05-25,Rowlandstad
Nancy Anderson,"54714 James Key Apt. 166
West Kendra, WA 47472",2018-10-01,Port Annemouth
Angela Daniels,"101 Victoria Courts Apt. 342
Tommystad, RI 24348",1983-07-17,New Georgehaven
Brian Montes,"997 Vincent Orchard
Mckinneyview, WA 23112",1989-12-08,Jasonfurt
Audrey Mcclain,"9957 Gloria Causeway Suite 572
Port Christopher, WI 65549",1984-09-14,West Steven
Allison Martin,"PSC 9312, Box 6853
APO AP 75009",1980-12-14,Hoganmouth
Nathaniel King,"7264 Kimberly Freeway Suite 015
Grahamfort, ID 58247",2001-09-06,Williamsonton
Brian Foster,"5228 Sandra Walks
New Christophermouth, AK 69925",1979-05-19,Port Michael
Brandon Turner,"26691 Woods Springs
Gordonburgh, MI 35865",1976-09-17,Turnerberg
Franklin Blanchard,"59610 Natasha Manors Suite 069
West Wyatt, IL 27576",1977-08-13,Warrenmouth
Jason Harper,"61355 Figueroa Corners Suite 093
Port Jeremiahport, NC 13125",1971-10-26,North John
Meghan Douglas,"24271 Munoz Plaza Apt. 770
Nicoleshire, KS 25669",2005-12-17,Annettetown
Vicki Beck,"1156 Lawrence Pine Suite 709
Stanleyland, CA 56650",2016-06-02,Waltersfort
Valerie Parks,"61670 Vasquez Highway Apt. 191
Kayleemouth, NH 18440",2016-04-07,East Michellechester
Arthur Coleman,"5343 Gloria Green
North Amanda, TX 43410",2006-05-12,Holdermouth
Kathleen Griffith,"7370 David Meadow
Georgefort, NM 65224",1992-03-17,East Amanda
Justin Welch,"772 Brown Circle
Bentonmouth, KY 31118",2019-01-27,Larachester
Brittany Jones,"054 Owen Drive
Lake Sherrymouth, NE 57844",2012-10-28,Mcclainhaven
Olivia Martinez,"PSC 5667, Box 8748
APO AE 00929",2002-09-25,New Anthony
Jose Simpson,"601 Holt Mountains Apt. 106
Mcculloughburgh, ND 68728",1990-08-17,Lake Nathanielmouth
Shawn Schneider,"0437 Stark Points
Benderview, LA 38514",1991-08-11,West Ashleyborough
Thomas Armstrong,"482 Mann Knoll
Griffithton, DC 51972",1971-11-01,Chapmanfort
Ashley Case,"654 Jackson Shoal
North Gabriela, PR 84624",2015-05-02,East Jane
Scott Mcintyre,"345 Elizabeth Stravenue
Port Jamesbury, AK 17690",1986-09-07,West Austinborough
Michael Collins,"57395 Jennifer Island Apt. 246
South Natalie, HI 37361",2009-03-02,Debbiemouth
Robin Hooper,"43697 Wilson Islands Apt. 124
East Kariborough, UT 64258",2006-08-01,Lake Walter
Sharon Stanley,"41611 Ramirez Mountains
Russoburgh, MO 84672",2012-12-17,Kristenstad
Michelle Harris,"55065 Key Lodge Apt. 731
Lake Molly, FM 80703",2002-10-18,Ryanfurt
Timothy Bailey,"20719 Johnson Loop
Chavezville, MD 56041",1985-08-01,North Sarah
Joshua Hicks,"PSC 8249, Box 3054
APO AA 17203",1992-05-30,Jenniferville
Harry Simon,"57345 Samuel Burgs Apt. 148
New Philipville, MP 43687",2001-10-17,Kanehaven
Kevin Pearson,"513 Robin Estate
Port Carolmouth, VI 70263",2000-01-27,South Anthonyshire
Michael Santos,"08444 Rivera Inlet
New Peter, DC 24470",1981-12-05,Jeremyview
Michael Brooks,"9968 Greg Canyon
Lake William, AL 35618",1995-06-13,Melissaton
Michael Martin,"9521 Maxwell Square Suite 905
Stevenside, SC 06181",1997-12-19,Lake Scott
Grace Orozco,"45678 Weaver Cape Suite 944
East Sandrafurt, NV 60467",2011-02-12,Sherryport
Bryan Rivera,"491 Graham Cliffs Apt. 769
East Joseph, SD 81621",1992-11-29,Port Justin
Lawrence Espinoza,"65905 Joseph Heights
South Wandamouth, NM 29125",2022-01-04,South Angela
Rickey Scott,"083 Scott Common Apt. 023
Franklinview, RI 58048",1993-09-01,North Danaside
Michael Miller,"963 Smith Passage
West John, NC 66314",2013-05-31,North Marissafurt
James Thomas,"197 Tiffany Fall Suite 459
Port Nathanton, WY 67417",1982-09-05,Lake Matthew
David Stephens,"PSC 2795, Box 5305
APO AE 95627",2021-01-18,Port Kimberlychester
Cynthia Foster,"37135 Linda Shores Suite 923
South Martin, IA 35308",2002-05-23,Greerborough
Michael Wright,"412 Robertson Wall Suite 033
North Juanport, LA 31237",1984-12-13,North Ericport
Matthew Stewart,"424 Robinson Glens Suite 655
Russellberg, VA 30135",2021-12-03,Port Carla
George Thompson,"2964 Janice Fords
New Danashire, MI 79128",1976-03-25,Hobbsfort
Paul Park,"695 Stacey Viaduct
Madisonshire, MN 82679",1997-07-20,North Cynthia
John Hobbs,"00693 Patricia Fork
Danielburgh, UT 35905",2003-07-04,Gallagherstad
Lisa Howard,"63202 Conley Extensions Apt. 130
West David, AZ 71926",1998-11-28,Lynnland
Samantha Young,"746 Christopher Lakes
Lake Angelafurt, WA 71313",1990-03-12,Jamesborough
Henry Williams,"670 Wang Coves
New Meghanmouth, DE 73838",1970-03-04,Gregoryton
Christopher Gibson,"21771 Conner Circles
New Christopher, MI 17634",1994-10-24,Schwartztown
Eric Robertson,"86218 White Parkway
Marthaport, FM 03955",1993-07-28,East Catherine
Samuel Turner,"Unit 7187 Box 6846
DPO AA 70226",2020-05-11,South Cindy
Angela Russo,"5508 Philip Mews
Chadside, UT 79023",1999-05-30,Lake Claire
Eddie Olsen,"45407 Larson Heights Apt. 890
West Josephland, NC 76347",2002-09-05,Deanchester
Tammy Oliver,"899 Todd Spring Apt. 856
Wardberg, NH 69923",1972-10-16,Matthewburgh
Lori Caldwell,"9596 Alexis Villages
Floresmouth, NJ 14772",2015-10-17,East Paul
John Arnold,"601 Christopher Crossing
New Scott, OK 92290",2014-10-30,Lake Wendy
Alexa Smith,"7348 Stephanie Cape Apt. 175
Brittanymouth, RI 08611",2014-02-17,Port Kristinabury
Stanley Taylor,"3409 Mcdowell Vista
East Kristi, MP 26809",1979-01-01,Debrafurt
Melanie Fisher,"07836 Hart Park
Matthewfort, NV 67154",1972-07-22,Corystad
Mary Aguilar,"5992 Jenna Gateway
New Paul, KY 78571",1976-08-18,Davidton
Jonathan Wallace,"8009 Harris Prairie
Welchstad, MS 51570",1982-10-27,South Georgeshire
Ian Monroe,"007 King Haven
Ramirezmouth, NC 62938",2005-03-07,Hernandezfurt
Connie Moreno,"3763 Silva Dam
Kathleenton, IA 91639",1971-08-31,Port Jason
Amy Adams,"8890 Wood Plain
Lake Courtneyhaven, CA 14347",1972-07-20,South Sierra
Brandy Campos,"Unit 8037 Box 9911
DPO AP 13042",1984-10-08,Westborough
Lee Lewis,"Unit 7196 Box 3657
DPO AE 42638",1973-04-20,South Karenview
Joy Johnson,"52184 Heather Spur Apt. 730
Port Jessicafort, VI 38774",1975-06-17,South Emilyton
Vanessa Randolph,"223 Thompson Circles Apt. 757
Justintown, ID 49559",1984-10-22,Cherylfort
Frank Potter,"242 Perez Villages Apt. 182
Richardshire, HI 79466",1988-08-13,West Stephanietown
Leon Stevenson,"80757 Lopez Valleys Apt. 670
Hallchester, MD 35818",1982-04-11,Alexistown
Timothy Vasquez,"75442 Amanda Heights Suite 793
New Wayne, CO 47511",2014-12-27,Donaldland
Paul Moore,"5361 Hall Hills Suite 915
North Taylortown, DE 14384",1980-07-10,Ashleystad
Amber Bird,"989 Collins Summit Suite 510
South Deanna, PA 30109",2017-02-03,Noahshire
Sydney Adkins,"380 Foster Terrace Suite 349
Hintonville, MT 77146",1992-08-09,Melindaside
Alison Arroyo,"PSC 1983, Box 7603
APO AP 98082",2005-09-12,Lake Scott
Gerald Figueroa,"543 Tanner Tunnel
Jacquelineland, AK 52755",2005-10-10,West Johnshire
Justin Krueger,"3620 Austin Court
South Mariastad, MS 77952",1991-01-25,East Elizabeth
Keith Wade,"USNS Williams
FPO AP 78594",2017-01-12,Elizabethfurt
Sarah Wilkins,"97319 Frazier Walks
East Nicole, GU 34110",2012-05-12,Lake Robertside
Chad Bryant,"39204 Delgado Parkway
Lake Jamesport, NM 95321",1970-05-25,South Rodney
Jessica Reed,"04596 Arnold Canyon Suite 272
New James, NM 66965",2008-07-02,East Gregorystad
Michael Esparza,"PSC 6768, Box 4185
APO AA 93398",1971-03-08,Michaelville
Michael Villarreal,"06816 Mccall Lodge Suite 817
East Jeffrey, NY 55285",2009-03-30,Myerstown
Amy Berry,"51094 Baldwin Land Suite 160
Lake Richard, WY 96214",1976-10-11,Hickston
Laura Hurley,"59807 Richards Drive Suite 371
Port Kim, DC 06774",1989-05-18,Port Marcus
Michael Arnold Jr.,"8490 Campbell Run Apt. 604
Thomaschester, FL 94616",1990-05-10,East Catherinetown
Benjamin Brown,"9796 Pam Turnpike Suite 526
Kinghaven, MA 37513",2014-06-01,Williamsside
Nathan Brown,"523 Meghan Gateway
North Benjamin, MH 76918",1971-07-23,Stewartfort
Bryan Taylor,"621 Jessica Garden
Cynthiafort, ME 33300",1980-05-08,South Kimberly
Jordan Miles MD,"00680 Smith Place Suite 597
Fernandezchester, NV 90469",1982-06-27,Lake Laura
John Vega,"16454 Hayes Prairie Apt. 359
New Jamiefort, IA 08351",2020-01-12,Susanfurt
Patrick Lloyd,"4127 Steven Causeway
East Rebeccafort, IN 50887",1974-01-21,Marytown
Anna Morgan,"77578 Dawson Mission Suite 516
Sallytown, WI 53875",2005-04-26,Christyside
Beverly Mccullough,"02483 Harris Hills
Samanthachester, VT 73376",1982-10-06,Rebeccatown
Tonya Green,"8776 Brooke Village Apt. 796
Turnerfort, ND 81611",2018-04-22,Mitchellbury
Dillon Smith,"6831 Strickland Spring
Haileybury, NC 02122",2008-09-22,North Barbara
Cynthia Patel,"210 Nicole Road Suite 763
Fryside, VI 17974",1974-03-03,South Rebeccastad
Elizabeth Hanson,"19548 Wilson Stravenue Apt. 796
Wintersbury, OR 05963",1982-06-19,New Laura
Lindsey Cox,"59689 Dominguez Road Suite 619
Cervantesborough, MO 69408",2016-12-31,Victoriahaven
Gina Roberts,"USCGC Pierce
FPO AP 34663",1994-12-19,Lake Carolynchester
Laura Anthony,"533 Hernandez Ports Suite 664
Cliffordland, VT 27691",2019-10-01,Johnsonmouth
Patrick Rogers,"05819 Lewis Heights Apt. 262
East Thomasstad, NC 98035",1999-07-09,Micheleshire
Denise Harris,"26523 Stephen Point
Patrickborough, FM 41217",2006-12-19,Cruzview
Richard Brady,"8111 John Pike Apt. 860
Matthewburgh, CA 99170",2005-01-23,Harringtontown
Tina Smith,"247 Coleman Trail
Lake Jefferyland, ID 12458",2007-10-17,South Terriport
Willie Lutz,"196 Lloyd Ports
Cunninghammouth, AR 96640",2005-03-18,New Michael
Jane Martin,"5591 Duran Lodge Apt. 958
South Shannonville, NV 35472",2007-09-24,South Sheri
Tammy Jordan,"50700 Howell Light
Jessicaburgh, ID 40337",2015-04-08,East Ericamouth
James Lawrence,"50952 Joshua Trafficway Suite 573
Lake Jasmine, MA 00535",2002-12-01,North Tiffany
John Ross,"28766 David Park Suite 568
Obrienport, IN 40679",1979-05-04,Dwayneland
Dylan Norton,"USNS Nunez
FPO AA 15415",2021-11-25,East Emilytown
Michael Daniel,"841 Jeffrey Mills Suite 460
Port Keithfort, PW 81211",2015-11-09,South Rebeccahaven
Ryan Taylor,"4336 Kenneth Club
New Ashley, OK 32767",2010-11-07,Karenborough
Joan Rivas,"128 Gutierrez Square Apt. 454
New Marybury, LA 40333",2017-11-23,Lake Johnfort
Luke Burnett,"Unit 5867 Box 6002
DPO AP 68233",1984-08-11,Jennifertown
Natasha Jacobson,"33778 John Forks
Katelynfurt, MS 51094",2013-07-21,Davishaven
Lisa Sharp,"78466 Alicia Shoal Suite 026
East Jessica, MH 54146",1971-09-29,New Joseside
Spencer Marks,"6480 Paul River
Jennifershire, DC 02502",1985-04-02,Annaport
Rachel Daniels,"860 Ashley Springs
Pageland, GU 41231",1978-01-29,New Angelside
David Moore,"163 Cynthia Pike Suite 973
Craigburgh, VA 73709",1970-11-07,Port Christian
Sally Boone,"775 Amber Ports
East Amberborough, CT 03232",1992-02-09,New Beverly
Daniel Johnson,"2851 Brandon Villages Apt. 512
Port Davidshire, TX 37930",1992-06-15,Mendezhaven
Joseph Carroll,"947 Hebert Road Apt. 503
West Thomasview, NH 45878",1990-07-31,East Kellyfurt
Michael Clark,"11653 Christopher Ridges Apt. 712
Alexandramouth, WV 85200",1970-01-14,Lake Kristinton
Jimmy Chan,"64273 Robert Ville Suite 697
North Lisa, DE 17707",1993-06-26,Lewisberg
Kelly Murray,"8490 Casey Cove
Lake Heather, GU 18096",1995-01-28,Phillipsfurt
Adam Wells,"7929 Mathis Island Suite 710
South Darrylfurt, MP 93293",2008-03-19,Joneschester
Stacy Ward,"380 Peter Springs Suite 591
Davisburgh, NY 54382",2020-06-01,East Nataliehaven
Samuel Moore,"410 Sandra Stream
Willistown, MO 58842",1983-12-17,Lake Shannon
Breanna Phillips,"44849 Kristie Mountain Suite 442
Amandamouth, KS 00708",2014-02-09,Mirandaside
Sabrina Smith,"833 David Drive Apt. 230
West William, WV 81346",1970-10-29,New Jacqueline
Sandra Mcpherson,"153 Emily Island Apt. 225
Lake Sharonview, WA 67975",1979-12-19,Port Laurahaven
Melissa Lewis,"0925 Devin Ports Apt. 493
North Davidborough, ND 81936",1972-03-13,South Erin
Mary Gardner,"703 Chelsea Circle
Masonton, DE 39433",1979-07-15,Malloryside
Andrew Stokes,"02686 Samantha Knolls Apt. 064
Port Robertstad, NV 64437",1977-12-08,Douglasview
Amy Lee,"654 Sanders Estate Suite 948
Hernandezberg, OR 74537",2019-09-14,Ortegachester
Ryan Martin,"76636 Spencer Ferry
West Andreafort, CT 19911",1976-11-28,Fritzport
Carrie Bailey,"657 Roberts Knolls
Lake Travis, OH 31081",1990-12-19,Howardchester
Natalie Marshall,"11228 Reyes Neck
South Rebecca, ME 92052",1993-03-21,East Joelport
Mr. James Ellison DVM,"7067 Kelly Vista
Heatherville, MN 93861",1995-06-05,Odonnellland
Tammy Atkins,"168 Foley Camp
Castrostad, MT 53817",2004-04-21,Marytown
Katherine Malone,"197 Julie Alley
Rodriguezberg, CO 00893",2017-08-23,Port Keithview
Tina Wagner,"3903 Matthew Drive Suite 443
Hodgefort, GA 70723",2006-11-30,Lake Cassandra
Jordan Howell,"53324 Michael Ways Apt. 413
Lake Sally, PR 37549",1998-07-19,Hicksfurt
Nicholas Marshall,"Unit 5836 Box 0728
DPO AA 27166",2021-05-16,Jessicafurt
Kristina Perez,"17929 Williams Underpass
South Jennifer, VT 13088",2023-01-10,East Josephbury
Laura Medina,"93666 Dennis Cape Apt. 531
Davismouth, HI 46840",1997-10-19,Mendezland
Jane Huff,"833 Edgar Lake Suite 073
North Jennifer, TN 52109",2006-11-05,Lake Bruceview
Thomas Martin,"821 Jesus Union Apt. 094
Shawnshire, UT 55664",1990-07-17,East Jeffrey
Matthew Beard,"86862 Elizabeth Turnpike Apt. 353
Jennachester, TX 64112",1980-03-03,New Samanthatown
Diane Andrews,"70395 Terry Rue Apt. 189
Dianeland, AL 29894",1985-07-12,South Jasonfort
Russell Johnson,"9995 Ball Groves
Johnsonville, NC 94450",2007-08-25,Frederickborough
